﻿<project version="2.9" name="项目" ID="A2019A26-A693-4B23-A1FF-4C4C8F33CC57">
  <params>
    <pageParam version="5.3" minAllowVersion="5.3"/>
    <projectParam version="2.9" minAllowVersion="2.9" platform="MtMobile" orientation="MoPortrait" mobileScreenScale="1.77777779102325" mobileType="mmtIOS" pageSize="(375,667)" backgroundColor="4294967295" fontSize="0" fontFamily="" projectType="ptPersonalProject" isShowTitleIndex="False"/>
    <previewParam version="1.0"/>
    <colorParam version="1.0"/>
  </params>
  <pages>
    <page name="首页" ID="447441F4-5CDF-40ED-BCF8-9AB304D7CF1A" expanded="True" code="3TeVgCRKCd" thumbCode="3TeVgCRKCd" isLastOpen="True" status="psWhite" isfolder="False" isshownode="True">
      <images>
        <image key="F3107E4018056E0E76AC6A1156E2E798.png"/>
        <image key="367481B153B68F7AC80A945364EF618D.svg"/>
        <image key="27BF6DD5D083782A1CB633DA66BC8750.svg"/>
        <image key="1562FD36B22408149639CF480304BBED.svg"/>
        <image key="33070118B95A27D3EAE218361017B0B6.png"/>
        <image key="9AC8B3F7E65381E303D04800A1AB54C8.svg"/>
        <image key="42CF9E031360EBC09387427849BF6328.svg"/>
        <image key="F8C86C7A111DD09129B2103FBCA66425.svg"/>
        <image key="F70208FA283E521D3EC81B1074D0C642.png"/>
        <image key="3B443BC10FFEEF2C52CCC9C32992C21A.svg"/>
        <image key="913449F1A44592DB0E85CF8D498CFF80.svg"/>
        <image key="C125C6E8DA332E50570A16F67EA7EF08.svg"/>
        <image key="E447C8EF21DE64EDDB03C3EF95A290A3.svg"/>
        <image key="95808BE677799CD413353FF189D8AB9B.svg"/>
      </images>
    </page>
    <page name="预约管理" ID="D6A5DB68-0107-4349-895B-AF2478230BEF" expanded="True" code="Fk2nuzXLdf" thumbCode="Fk2nuzXLdf" status="psWhite" isfolder="False" isshownode="True">
      <images>
        <image key="94E9452D20864CF3FBC79CD2C4E76723.svg"/>
        <image key="D6859759E093AABA6D618DD6AA733504.svg"/>
      </images>
    </page>
    <page name="预约管理-网上预约" ID="4BCC9C29-089D-4C40-858D-A870227FDC67" expanded="True" code="CtH5T9DwZG" thumbCode="CtH5T9DwZG" status="psWhite" isfolder="False" isshownode="True">
      <images>
        <image key="D6859759E093AABA6D618DD6AA733504.svg"/>
        <image key="EAAE060698E4C4AC28EB9344979D0B80.svg"/>
        <image key="ABC57B5138E1EF9280266D2F20415582.jpg"/>
      </images>
    </page>
    <page name="药事服务" ID="DB4BCCE0-D621-43E9-B144-07433482506A" expanded="True" code="cpSuE1ive1" thumbCode="cpSuE1ive1" status="psWhite" isfolder="False" isshownode="True">
      <images>
        <image key="D6859759E093AABA6D618DD6AA733504.svg"/>
        <image key="E53E14DEA54D2C2D80FD7C416AA1CF10.png"/>
      </images>
    </page>
    <page name="体征记录" ID="E7A231C5-BA1F-4DA2-8FB7-5FC2F4749A23" expanded="True" code="4LnqXcwB3Q" thumbCode="4LnqXcwB3Q" status="psWhite" isfolder="False" isshownode="True">
      <images>
        <image key="DED0E6A8242D8DE296EBCBE2FFA15EDA.svg"/>
        <image key="D6859759E093AABA6D618DD6AA733504.svg"/>
        <image key="B8279C570ACB6C661319A03B8B3DBE26.png"/>
      </images>
    </page>
    <page name="体征记录-测量" ID="3437F339-733D-46E7-8B48-E4FD6A181ACB" expanded="True" code="PAcULJNN2d" thumbCode="PAcULJNN2d" status="psWhite" isfolder="False" isshownode="True">
      <images>
        <image key="A09E49D7FECF81B167A8DA26F6DEB18B.png"/>
        <image key="D6859759E093AABA6D618DD6AA733504.svg"/>
      </images>
    </page>
    <page name="体征记录-历史记录" ID="F176E5AD-20ED-4F4C-9E5B-7EE8CA6FED1F" expanded="True" code="YphNUaqshe" thumbCode="YphNUaqshe" status="psWhite" isfolder="False" isshownode="True">
      <images>
        <image key="80C6DA83A9C4B67888E69C51099763F8.svg"/>
        <image key="51ED992D000055983D8B8802C65E2870.svg"/>
        <image key="D6859759E093AABA6D618DD6AA733504.svg"/>
      </images>
    </page>
    <page name="慢病百科" ID="A217E36C-C2B5-42BA-BF15-8FB8F8B1CAFD" expanded="True" code="tnq3bJhpIH" thumbCode="tnq3bJhpIH" status="psWhite" isfolder="False" isshownode="True">
      <images>
        <image key="D6859759E093AABA6D618DD6AA733504.svg"/>
        <image key="54C75C1122256F91522B1BA5FE667E36.jpg"/>
      </images>
    </page>
    <page name="用药记录" ID="BC24334B-2C35-452E-BC8E-D0A10A62982A" expanded="True" code="2C6urXGOHx" thumbCode="2C6urXGOHx" status="psWhite" isfolder="False" isshownode="True">
      <images>
        <image key="42CF9E031360EBC09387427849BF6328.svg"/>
        <image key="E447C8EF21DE64EDDB03C3EF95A290A3.svg"/>
        <image key="2D780716D3D89B2EFB0155599BA0A89F.svg"/>
        <image key="9AC8B3F7E65381E303D04800A1AB54C8.svg"/>
      </images>
    </page>
    <page name="服药记录" ID="26DE54A4-3CBE-4B81-8D95-60ABEA42BE60" expanded="True" code="9iJcYcYVzh" thumbCode="9iJcYcYVzh" status="psWhite" isfolder="False" isshownode="True">
      <images>
        <image key="42CF9E031360EBC09387427849BF6328.svg"/>
        <image key="51ED992D000055983D8B8802C65E2870.svg"/>
        <image key="E447C8EF21DE64EDDB03C3EF95A290A3.svg"/>
        <image key="9AC8B3F7E65381E303D04800A1AB54C8.svg"/>
      </images>
    </page>
    <page name="服药提醒-设置" ID="21AA888F-5A1A-4596-94FA-4B7FBB7C8D43" expanded="True" code="tfRTg6wnmH" thumbCode="A3s41pLQqL" status="psWhite" isfolder="False" isshownode="True">
      <images>
        <image key="8D87F0B6E067D29DE1E9AC9BADB84F13.svg"/>
        <image key="CFAC147583A1C602F91FE6F2C39DA488.svg"/>
      </images>
    </page>
    <page name="我的" ID="0FF3978B-7871-46A2-A4B6-B9227093056E" expanded="True" code="CzG3TT9DUO" thumbCode="CzG3TT9DUO" status="psWhite" isfolder="False" isshownode="True">
      <images>
        <image key="E7D27E7A00FA7023CB70F7694DE9F06F.svg"/>
        <image key="42CF9E031360EBC09387427849BF6328.svg"/>
        <image key="190D7BF184AD9E483F79785481FA3F48.svg"/>
        <image key="36096EA56E4BD66EC1BCE9748257D50F.svg"/>
        <image key="A74ACDBBC3EE487C9CDF84F8F9700C7C.svg"/>
        <image key="0BA5CAACB1429AE3BFEE5EBB30F3F05F.svg"/>
        <image key="96995CA188DE9B9704C0680F60751B57.svg"/>
        <image key="2D780716D3D89B2EFB0155599BA0A89F.svg"/>
        <image key="E447C8EF21DE64EDDB03C3EF95A290A3.svg"/>
        <image key="1D88080B9CE71203B1B46B889DD8E6DF.png"/>
        <image key="9AC8B3F7E65381E303D04800A1AB54C8.svg"/>
      </images>
    </page>
    <page name="个人信息" ID="BC3881FB-335C-488D-B1F6-3DDAD4233D59" expanded="True" code="7eXz8QdLZd" thumbCode="7eXz8QdLZd" status="psWhite" isfolder="False" isshownode="True">
      <images>
        <image key="D6859759E093AABA6D618DD6AA733504.svg"/>
        <image key="E7D27E7A00FA7023CB70F7694DE9F06F.svg"/>
      </images>
    </page>
    <page name="实名认证" ID="0E676D1D-0263-4EC9-AA47-FACC1E9DE55A" expanded="True" code="owA4jYlQW1" thumbCode="eRGeMW6p3h" status="psWhite" isfolder="False" isshownode="True">
      <images>
        <image key="D6859759E093AABA6D618DD6AA733504.svg"/>
      </images>
    </page>
    <page name="实名认证-审核中" ID="EC3BB757-CA99-4A14-9609-1E07FA479729" expanded="True" code="cW5eO41JZR" thumbCode="cW5eO41JZR" status="psWhite" isfolder="False" isshownode="True">
      <images>
        <image key="D6859759E093AABA6D618DD6AA733504.svg"/>
      </images>
    </page>
    <page name="预约-审核中" ID="4179CDB0-14E9-48A5-8620-9096B7210871" expanded="True" code="841f2rUvrz" thumbCode="841f2rUvrz" status="psWhite" isfolder="False" isshownode="True">
      <images>
        <image key="CFAC147583A1C602F91FE6F2C39DA488.svg"/>
      </images>
    </page>
    <page name="实名认证-审核通过" ID="2A35AB18-9939-437E-AEE5-1D478659F667" expanded="True" code="ltaWtMXY9p" thumbCode="ltaWtMXY9p" status="psWhite" isfolder="False" isshownode="True">
      <images>
        <image key="D6859759E093AABA6D618DD6AA733504.svg"/>
      </images>
    </page>
    <page name="服务预约" ID="2DF26805-84E3-4C1D-8219-55A8910AE5AB" expanded="True" code="Cpoa4LNz8H" thumbCode="Cpoa4LNz8H" status="psWhite" isfolder="False" isshownode="True">
      <images>
        <image key="D6859759E093AABA6D618DD6AA733504.svg"/>
      </images>
    </page>
    <page name="服务预约-已完成" ID="B30B2140-CD79-4E57-9F50-1F0D3E4D7BB1" expanded="True" code="vBfdhRZPgs" thumbCode="vBfdhRZPgs" status="psWhite" isfolder="False" isshownode="True">
      <images>
        <image key="D6859759E093AABA6D618DD6AA733504.svg"/>
      </images>
    </page>
    <page name="系统消息" ID="C3C6F564-8121-498D-9825-FB3D86BE6B59" expanded="True" code="HcHW8a9O8u" thumbCode="HcHW8a9O8u" status="psWhite" isfolder="False" isshownode="True">
      <images>
        <image key="D6859759E093AABA6D618DD6AA733504.svg"/>
      </images>
    </page>
    <page name="健康中心" ID="44BF06ED-553E-4C52-8501-C3B195EE1BF4" expanded="True" code="oskwLhPq4c" thumbCode="oskwLhPq4c" status="psWhite" isfolder="False" isshownode="True">
      <images>
        <image key="97D42F84AB1ACA7B3DB71E8D7DA90BF0.svg"/>
        <image key="D6859759E093AABA6D618DD6AA733504.svg"/>
        <image key="DED0E6A8242D8DE296EBCBE2FFA15EDA.svg"/>
        <image key="ABC57B5138E1EF9280266D2F20415582.jpg"/>
      </images>
    </page>
    <page name="健康中心-设置自定义" ID="FF76A9F9-F689-409C-9B1B-AA0F4F1E5949" expanded="True" code="IhMDNyKS7V" thumbCode="IhMDNyKS7V" status="psWhite" isfolder="False" isshownode="True">
      <images>
        <image key="D6859759E093AABA6D618DD6AA733504.svg"/>
        <image key="E26BC944D6CDE895C92C91A08A95BDBF.jpg"/>
      </images>
    </page>
    <page name="更多" ID="488402EA-7651-4328-8169-0698F5EAA58C" expanded="True" code="r88gfqSz8h" thumbCode="r88gfqSz8h" status="psWhite" isfolder="False" isshownode="True">
      <images>
        <image key="97D42F84AB1ACA7B3DB71E8D7DA90BF0.svg"/>
        <image key="D6859759E093AABA6D618DD6AA733504.svg"/>
      </images>
    </page>
    <page name="更多-修改密码" ID="3F2D9C60-275D-477D-BE2E-C93449ACE40B" expanded="True" code="5Sbt8z7HqN" thumbCode="5Sbt8z7HqN" status="psWhite" isfolder="False" isshownode="True">
      <images>
        <image key="D6859759E093AABA6D618DD6AA733504.svg"/>
      </images>
    </page>
    <page name="注册&amp;&amp;登录" ID="FE326425-0AFE-4023-8BBF-E46FF6FB60C9" expanded="True" code="oA2SILE9y9" thumbCode="oA2SILE9y9" status="psWhite" isfolder="False" isshownode="True">
      <page name="找回密码" ID="945DE647-CAE6-462B-AC97-F4F62C958B67" expanded="True" code="pTDJqc8pGU" thumbCode="pTDJqc8pGU" status="psWhite" isfolder="False" isshownode="True">
        <images>
          <image key="D6859759E093AABA6D618DD6AA733504.svg"/>
        </images>
      </page>
      <page name="注册" ID="E6FC99DF-3500-438B-B62E-5D729C591386" expanded="True" code="pVNHr59XJr" thumbCode="pVNHr59XJr" status="psWhite" isfolder="False" isshownode="True">
        <images>
          <image key="D6859759E093AABA6D618DD6AA733504.svg"/>
        </images>
      </page>
    </page>
    <page name="手机号快捷登录" ID="9224B887-DBA4-463C-A0BA-A175A44510CF" expanded="True" code="4INm6AYPAN" thumbCode="4INm6AYPAN" status="psWhite" isfolder="False" isshownode="True"/>
    <page name="图文详情页" ID="A883DA85-7F0C-432D-B93C-8BA0169F721C" expanded="True" code="jy8ccC4Zlz" thumbCode="jy8ccC4Zlz" status="psWhite" isfolder="False" isshownode="True">
      <images>
        <image key="A6FBF34563F171D2F9FF132D1B656C64.svg"/>
        <image key="D6859759E093AABA6D618DD6AA733504.svg"/>
        <image key="CDE69722EB5B1D3239BE7BF7682571D6.png"/>
      </images>
    </page>
  </pages>
  <trash>
    <page name="慢病百科1" ID="1F24253E-B355-4564-811E-F42384C8BC7B" expanded="False" code="seqZTPfA6S" thumbCode="tiyAiZutyP" isLastOpen="True" status="psWhite" isfolder="False" isshownode="True">
      <images>
        <image key="F3107E4018056E0E76AC6A1156E2E798.png"/>
        <image key="367481B153B68F7AC80A945364EF618D.svg"/>
        <image key="27BF6DD5D083782A1CB633DA66BC8750.svg"/>
        <image key="1562FD36B22408149639CF480304BBED.svg"/>
        <image key="33070118B95A27D3EAE218361017B0B6.png"/>
        <image key="9AC8B3F7E65381E303D04800A1AB54C8.svg"/>
        <image key="42CF9E031360EBC09387427849BF6328.svg"/>
        <image key="F8C86C7A111DD09129B2103FBCA66425.svg"/>
        <image key="F70208FA283E521D3EC81B1074D0C642.png"/>
        <image key="3B443BC10FFEEF2C52CCC9C32992C21A.svg"/>
        <image key="913449F1A44592DB0E85CF8D498CFF80.svg"/>
        <image key="C125C6E8DA332E50570A16F67EA7EF08.svg"/>
        <image key="E447C8EF21DE64EDDB03C3EF95A290A3.svg"/>
        <image key="95808BE677799CD413353FF189D8AB9B.svg"/>
      </images>
    </page>
    <page name="页面" ID="CDE778A1-E82B-4690-8F82-BD98100E76ED" expanded="False" code="GtNJe2t9Cg" thumbCode="USpSLZHwKH" isLastOpen="True" status="psWhite" isfolder="False" isshownode="True"/>
    <page name="页面" ID="DB385AE0-3E56-4415-A340-1DD30F984BD9" expanded="False" code="1tzdJn8QXZ" thumbCode="Slg4rMnHaZ" isLastOpen="True" status="psWhite" isfolder="False" isshownode="True"/>
    <page name="手机号快捷登录" ID="33FFC87E-86ED-4D72-B296-98C5A8FCC121" expanded="False" code="ZQZY41Tzh6" thumbCode="9echuwJamJ" isLastOpen="True" status="psWhite" isfolder="False" isshownode="True"/>
    <page name="找回密码" ID="7BAF54B9-AA86-4F94-A876-72D014D2E5CF" expanded="False" code="ijYXmY6TLx" thumbCode="" isLastOpen="True" status="psWhite" isfolder="False" isshownode="True">
      <images>
        <image key="D6859759E093AABA6D618DD6AA733504.svg"/>
      </images>
    </page>
    <page name="体征记录详情页" ID="66D7650F-74EF-47AA-B25E-1B46D18B3430" expanded="False" code="pU8He2EujJ" thumbCode="vBB9kI3o1k" isLastOpen="True" status="psWhite" isfolder="False" isshownode="True">
      <images>
        <image key="F3107E4018056E0E76AC6A1156E2E798.png"/>
        <image key="367481B153B68F7AC80A945364EF618D.svg"/>
        <image key="27BF6DD5D083782A1CB633DA66BC8750.svg"/>
        <image key="1562FD36B22408149639CF480304BBED.svg"/>
        <image key="3B443BC10FFEEF2C52CCC9C32992C21A.svg"/>
        <image key="33070118B95A27D3EAE218361017B0B6.png"/>
        <image key="42CF9E031360EBC09387427849BF6328.svg"/>
        <image key="F8C86C7A111DD09129B2103FBCA66425.svg"/>
        <image key="F70208FA283E521D3EC81B1074D0C642.png"/>
        <image key="9AC8B3F7E65381E303D04800A1AB54C8.svg"/>
        <image key="913449F1A44592DB0E85CF8D498CFF80.svg"/>
        <image key="C125C6E8DA332E50570A16F67EA7EF08.svg"/>
        <image key="E447C8EF21DE64EDDB03C3EF95A290A3.svg"/>
        <image key="95808BE677799CD413353FF189D8AB9B.svg"/>
      </images>
    </page>
    <page name="药事服务详情页" ID="4C103DAF-23F2-4B9A-9102-02234F0B603D" expanded="False" code="1audDlyAh6" thumbCode="lIMwYvBKoV" isLastOpen="True" status="psWhite" isfolder="False" isshownode="True">
      <images>
        <image key="F3107E4018056E0E76AC6A1156E2E798.png"/>
        <image key="367481B153B68F7AC80A945364EF618D.svg"/>
        <image key="27BF6DD5D083782A1CB633DA66BC8750.svg"/>
        <image key="1562FD36B22408149639CF480304BBED.svg"/>
        <image key="3B443BC10FFEEF2C52CCC9C32992C21A.svg"/>
        <image key="33070118B95A27D3EAE218361017B0B6.png"/>
        <image key="42CF9E031360EBC09387427849BF6328.svg"/>
        <image key="F8C86C7A111DD09129B2103FBCA66425.svg"/>
        <image key="F70208FA283E521D3EC81B1074D0C642.png"/>
        <image key="9AC8B3F7E65381E303D04800A1AB54C8.svg"/>
        <image key="913449F1A44592DB0E85CF8D498CFF80.svg"/>
        <image key="C125C6E8DA332E50570A16F67EA7EF08.svg"/>
        <image key="E447C8EF21DE64EDDB03C3EF95A290A3.svg"/>
        <image key="95808BE677799CD413353FF189D8AB9B.svg"/>
      </images>
    </page>
    <page name="慢病百科详情页" ID="D7B880D1-F268-4143-A237-2950AECCB7F2" expanded="True" code="xhaKrDvNNZ" thumbCode="IFoizF7y7Q" isLastOpen="True" status="psWhite" isfolder="False" isshownode="True">
      <images>
        <image key="F3107E4018056E0E76AC6A1156E2E798.png"/>
        <image key="367481B153B68F7AC80A945364EF618D.svg"/>
        <image key="27BF6DD5D083782A1CB633DA66BC8750.svg"/>
        <image key="1562FD36B22408149639CF480304BBED.svg"/>
        <image key="3B443BC10FFEEF2C52CCC9C32992C21A.svg"/>
        <image key="33070118B95A27D3EAE218361017B0B6.png"/>
        <image key="42CF9E031360EBC09387427849BF6328.svg"/>
        <image key="F8C86C7A111DD09129B2103FBCA66425.svg"/>
        <image key="F70208FA283E521D3EC81B1074D0C642.png"/>
        <image key="9AC8B3F7E65381E303D04800A1AB54C8.svg"/>
        <image key="913449F1A44592DB0E85CF8D498CFF80.svg"/>
        <image key="C125C6E8DA332E50570A16F67EA7EF08.svg"/>
        <image key="E447C8EF21DE64EDDB03C3EF95A290A3.svg"/>
        <image key="95808BE677799CD413353FF189D8AB9B.svg"/>
      </images>
    </page>
    <page name="个人中心详情页1" ID="F38B2480-5658-4189-B00A-0C85DD4FF748" expanded="False" code="9otxLq1sSi" thumbCode="Q5DpDlkQs9" isLastOpen="True" status="psWhite" isfolder="False" isshownode="True">
      <images>
        <image key="F3107E4018056E0E76AC6A1156E2E798.png"/>
        <image key="367481B153B68F7AC80A945364EF618D.svg"/>
        <image key="27BF6DD5D083782A1CB633DA66BC8750.svg"/>
        <image key="1562FD36B22408149639CF480304BBED.svg"/>
        <image key="3B443BC10FFEEF2C52CCC9C32992C21A.svg"/>
        <image key="33070118B95A27D3EAE218361017B0B6.png"/>
        <image key="42CF9E031360EBC09387427849BF6328.svg"/>
        <image key="F8C86C7A111DD09129B2103FBCA66425.svg"/>
        <image key="F70208FA283E521D3EC81B1074D0C642.png"/>
        <image key="9AC8B3F7E65381E303D04800A1AB54C8.svg"/>
        <image key="913449F1A44592DB0E85CF8D498CFF80.svg"/>
        <image key="C125C6E8DA332E50570A16F67EA7EF08.svg"/>
        <image key="E447C8EF21DE64EDDB03C3EF95A290A3.svg"/>
        <image key="95808BE677799CD413353FF189D8AB9B.svg"/>
      </images>
    </page>
    <page name="个人中心详情页" ID="BA28B842-E1FF-4B02-8505-D95FC5DB1FCE" expanded="False" code="e8wnDZ7qZp" thumbCode="g44ZcqxPNH" isLastOpen="True" status="psWhite" isfolder="False" isshownode="True">
      <images>
        <image key="F3107E4018056E0E76AC6A1156E2E798.png"/>
        <image key="367481B153B68F7AC80A945364EF618D.svg"/>
        <image key="27BF6DD5D083782A1CB633DA66BC8750.svg"/>
        <image key="1562FD36B22408149639CF480304BBED.svg"/>
        <image key="3B443BC10FFEEF2C52CCC9C32992C21A.svg"/>
        <image key="33070118B95A27D3EAE218361017B0B6.png"/>
        <image key="42CF9E031360EBC09387427849BF6328.svg"/>
        <image key="F8C86C7A111DD09129B2103FBCA66425.svg"/>
        <image key="F70208FA283E521D3EC81B1074D0C642.png"/>
        <image key="9AC8B3F7E65381E303D04800A1AB54C8.svg"/>
        <image key="913449F1A44592DB0E85CF8D498CFF80.svg"/>
        <image key="C125C6E8DA332E50570A16F67EA7EF08.svg"/>
        <image key="E447C8EF21DE64EDDB03C3EF95A290A3.svg"/>
        <image key="95808BE677799CD413353FF189D8AB9B.svg"/>
      </images>
    </page>
    <page name="健康中心-详情页" ID="50FD9282-3593-4479-B008-2290623F9163" expanded="False" code="xHYQLUlI1G" thumbCode="APefiBqu9Y" isLastOpen="True" status="psWhite" isfolder="False" isshownode="True">
      <images>
        <image key="D6859759E093AABA6D618DD6AA733504.svg"/>
      </images>
    </page>
    <page name="预约管理-网上预约-审核" ID="62779496-CA4F-4D4B-8CF0-6FB08A419098" expanded="False" code="qKs6K4K7TB" thumbCode="jTtB38XHue" isLastOpen="True" status="psWhite" isfolder="False" isshownode="True">
      <images>
        <image key="D6859759E093AABA6D618DD6AA733504.svg"/>
        <image key="EAAE060698E4C4AC28EB9344979D0B80.svg"/>
        <image key="ABC57B5138E1EF9280266D2F20415582.jpg"/>
      </images>
    </page>
    <page name="用药记录详情页" ID="6CCB024D-DC81-4E11-98D2-8740C8813811" expanded="True" code="sLy3hRPGNq" thumbCode="CEVwyuFUaA" isLastOpen="True" status="psWhite" isfolder="False" isshownode="True">
      <images>
        <image key="F3107E4018056E0E76AC6A1156E2E798.png"/>
        <image key="367481B153B68F7AC80A945364EF618D.svg"/>
        <image key="27BF6DD5D083782A1CB633DA66BC8750.svg"/>
        <image key="1562FD36B22408149639CF480304BBED.svg"/>
        <image key="3B443BC10FFEEF2C52CCC9C32992C21A.svg"/>
        <image key="33070118B95A27D3EAE218361017B0B6.png"/>
        <image key="42CF9E031360EBC09387427849BF6328.svg"/>
        <image key="F8C86C7A111DD09129B2103FBCA66425.svg"/>
        <image key="F70208FA283E521D3EC81B1074D0C642.png"/>
        <image key="9AC8B3F7E65381E303D04800A1AB54C8.svg"/>
        <image key="913449F1A44592DB0E85CF8D498CFF80.svg"/>
        <image key="C125C6E8DA332E50570A16F67EA7EF08.svg"/>
        <image key="E447C8EF21DE64EDDB03C3EF95A290A3.svg"/>
        <image key="95808BE677799CD413353FF189D8AB9B.svg"/>
      </images>
    </page>
  </trash>
  <deletes/>
  <masters/>
  <images>
    <image key="B8279C570ACB6C661319A03B8B3DBE26.png"/>
    <image key="F3107E4018056E0E76AC6A1156E2E798.png"/>
    <image key="367481B153B68F7AC80A945364EF618D.svg"/>
    <image key="27BF6DD5D083782A1CB633DA66BC8750.svg"/>
    <image key="0BA5CAACB1429AE3BFEE5EBB30F3F05F.svg"/>
    <image key="36096EA56E4BD66EC1BCE9748257D50F.svg"/>
    <image key="1D88080B9CE71203B1B46B889DD8E6DF.png"/>
    <image key="9AC8B3F7E65381E303D04800A1AB54C8.svg"/>
    <image key="33070118B95A27D3EAE218361017B0B6.png"/>
    <image key="42CF9E031360EBC09387427849BF6328.svg"/>
    <image key="F70208FA283E521D3EC81B1074D0C642.png"/>
    <image key="E7D27E7A00FA7023CB70F7694DE9F06F.svg"/>
    <image key="CDE69722EB5B1D3239BE7BF7682571D6.png"/>
    <image key="913449F1A44592DB0E85CF8D498CFF80.svg"/>
    <image key="97D42F84AB1ACA7B3DB71E8D7DA90BF0.svg"/>
    <image key="80C6DA83A9C4B67888E69C51099763F8.svg"/>
    <image key="CFAC147583A1C602F91FE6F2C39DA488.svg"/>
    <image key="94E9452D20864CF3FBC79CD2C4E76723.svg"/>
    <image key="96995CA188DE9B9704C0680F60751B57.svg"/>
    <image key="DED0E6A8242D8DE296EBCBE2FFA15EDA.svg"/>
    <image key="ABC57B5138E1EF9280266D2F20415582.jpg"/>
    <image key="A6FBF34563F171D2F9FF132D1B656C64.svg"/>
    <image key="A09E49D7FECF81B167A8DA26F6DEB18B.png"/>
    <image key="51ED992D000055983D8B8802C65E2870.svg"/>
    <image key="E53E14DEA54D2C2D80FD7C416AA1CF10.png"/>
    <image key="2D780716D3D89B2EFB0155599BA0A89F.svg"/>
    <image key="1562FD36B22408149639CF480304BBED.svg"/>
    <image key="EAAE060698E4C4AC28EB9344979D0B80.svg"/>
    <image key="3B443BC10FFEEF2C52CCC9C32992C21A.svg"/>
    <image key="190D7BF184AD9E483F79785481FA3F48.svg"/>
    <image key="F8C86C7A111DD09129B2103FBCA66425.svg"/>
    <image key="8D87F0B6E067D29DE1E9AC9BADB84F13.svg"/>
    <image key="C125C6E8DA332E50570A16F67EA7EF08.svg"/>
    <image key="D6859759E093AABA6D618DD6AA733504.svg"/>
    <image key="E26BC944D6CDE895C92C91A08A95BDBF.jpg"/>
    <image key="E447C8EF21DE64EDDB03C3EF95A290A3.svg"/>
    <image key="95808BE677799CD413353FF189D8AB9B.svg"/>
    <image key="54C75C1122256F91522B1BA5FE667E36.jpg"/>
    <image key="A74ACDBBC3EE487C9CDF84F8F9700C7C.svg"/>
  </images>
</project>