﻿<mockup version="5.3" minAllowVersion="5.3" ID="447441F4-5CDF-40ED-BCF8-9AB304D7CF1A" platform="MtMobile" defaultW="375" defaultH="667" measureW="375" measureH="667" screenOrientation="MoPortrait" mobileScreenScale="1.77777779102325" clipArea="(0,0,0,0)">
  <controls controlCount="33">
    <control controlID="65E5F3B7-C010-4700-9AF7-D8F2D75AA52B" controlTypeID="StatusBar(IOS)" x="0" y="0" w="375" h="20" zOrder="0"/>
    <control controlID="9BCCFE33-A347-4096-8117-588E2313575C" controlTypeID="Icon" x="59" y="621" w="24" h="24" zOrder="1">
      <icon>
        <ID/>
        <iconFontName>jdFontAwesome</iconFontName>
        <iconCode>61461</iconCode>
      </icon>
      <URL>E447C8EF21DE64EDDB03C3EF95A290A3.svg</URL>
    </control>
    <control controlID="145E824B-783E-45E3-B4AE-36AB5B87E8F8" controlTypeID="Label" x="57" y="646" w="28" h="19" zOrder="2">
      <font family="%E5%BE%AE%E8%BD%AF%E9%9B%85%E9%BB%91" displayName="%E5%BE%AE%E8%BD%AF%E9%9B%85%E9%BB%91" postScript="" weightStyle="Regular" weight="400" isBold="False" isItalic="False"/>
      <text>%E9%A6%96%E9%A1%B5</text>
      <textColor>4284900966</textColor>
      <lineSpacing>0</lineSpacing>
      <selectedIndex>-1</selectedIndex>
    </control>
    <control controlID="8464EDC1-A655-4647-9D65-599A6080764E" controlTypeID="Icon" x="176" y="623" w="24" h="24" zOrder="3">
      <icon>
        <ID/>
        <iconFontName>jdIcoFont</iconFontName>
        <iconCode>59194</iconCode>
      </icon>
      <URL>9AC8B3F7E65381E303D04800A1AB54C8.svg</URL>
    </control>
    <control controlID="0A410304-1E2A-4EC4-97CA-FD8ADBC59EF4" controlTypeID="Label" x="161" y="647" w="56" h="19" zOrder="4">
      <font family="%E5%BE%AE%E8%BD%AF%E9%9B%85%E9%BB%91" displayName="%E5%BE%AE%E8%BD%AF%E9%9B%85%E9%BB%91" postScript="" weightStyle="Regular" weight="400" isBold="False" isItalic="False"/>
      <text>%E7%94%A8%E8%8D%AF%E8%AE%B0%E5%BD%95</text>
      <textColor>4284900966</textColor>
      <lineSpacing>0</lineSpacing>
      <selectedIndex>-1</selectedIndex>
    </control>
    <control controlID="3794958A-285A-48AC-BAC3-0145A51E97DD" controlTypeID="Icon" x="296" y="623" w="24" h="24" zOrder="5">
      <icon>
        <ID/>
        <iconFontName>jdiconfontB</iconFontName>
        <iconCode>59648</iconCode>
      </icon>
      <URL>42CF9E031360EBC09387427849BF6328.svg</URL>
    </control>
    <control controlID="15096A21-2728-4E75-A787-1E3159FB09EF" controlTypeID="Label" x="296" y="648" w="27" h="19" zOrder="6">
      <font family="%E5%BE%AE%E8%BD%AF%E9%9B%85%E9%BB%91" displayName="%E5%BE%AE%E8%BD%AF%E9%9B%85%E9%BB%91" postScript="" weightStyle="Regular" weight="400" isBold="False" isItalic="False"/>
      <text>%E6%88%91%E7%9A%84</text>
      <textColor>4284900966</textColor>
      <lineSpacing>0</lineSpacing>
      <selectedIndex>-1</selectedIndex>
    </control>
    <control controlID="9C5F735F-DCEF-4B30-BB7C-049A0BC609C8" controlTypeID="Line" x="1" y="621" w="374" h="1" zOrder="7">
      <color>4291611852</color>
      <font family="%E5%BE%AE%E8%BD%AF%E9%9B%85%E9%BB%91" displayName="%E5%BE%AE%E8%BD%AF%E9%9B%85%E9%BB%91" postScript="" weightStyle="Regular" weight="400" isBold="False" isItalic="False"/>
      <textSize>14</textSize>
      <lineSpacing>0</lineSpacing>
      <selectedIndex>-1</selectedIndex>
      <controlPoint>(187,0)</controlPoint>
      <startPoint>(0,0)</startPoint>
      <endPoint>(374,0)</endPoint>
    </control>
    <control controlID="5A25F66F-EAD2-42A0-A75C-DB7BCC21378C" controlTypeID="Image" x="0" y="20" w="375" h="177" zOrder="8">
      <URL>1D88080B9CE71203B1B46B889DD8E6DF.png</URL>
    </control>
    <control controlID="98E22E8E-5740-42CB-8B39-BE93F8269AEA" controlTypeID="Icon" x="10" y="212" w="24" h="24" zOrder="9">
      <color>4278242559</color>
      <icon>
        <ID/>
        <iconFontName>jdFontCustom</iconFontName>
        <iconCode>61696</iconCode>
      </icon>
      <URL>0BA5CAACB1429AE3BFEE5EBB30F3F05F.svg</URL>
    </control>
    <control controlID="1C415C99-6508-488D-BC32-2958AE11D131" controlTypeID="Label" x="44" y="214" w="56" h="19" zOrder="10">
      <font family="%E5%BE%AE%E8%BD%AF%E9%9B%85%E9%BB%91" displayName="%E5%BE%AE%E8%BD%AF%E9%9B%85%E9%BB%91" postScript="" weightStyle="Regular" weight="400" isBold="False" isItalic="False"/>
      <text>%E4%B8%AA%E4%BA%BA%E4%BF%A1%E6%81%AF</text>
      <lineSpacing>0</lineSpacing>
      <selectedIndex>-1</selectedIndex>
    </control>
    <control controlID="EAE83E35-7C6F-4512-AE5C-B7FB53A95948" controlTypeID="Icon" x="346" y="212" w="24" h="24" zOrder="11">
      <color>4291611852</color>
      <links eventType="AtClick" animate="AmNone" animateAutoDelay="0" animateDuration="500">
        <link targetPageID="BC3881FB-335C-488D-B1F6-3DDAD4233D59" linkType="ltPageLink" isApplyIncludePage="False" title="%E4%B8%AA%E4%BA%BA%E4%BF%A1%E6%81%AF">
          <area shape="0" alt="" ID="{4CEA4C35-6956-4AF8-9A0D-DD0D7D8B451E}" coords="(0,0,24,24)"/>
        </link>
      </links>
      <icon>
        <ID/>
        <iconFontName>jdIonicons</iconFontName>
        <iconCode>61733</iconCode>
      </icon>
      <URL>2D780716D3D89B2EFB0155599BA0A89F.svg</URL>
    </control>
    <control controlID="0D985C53-042A-40AC-ADB8-084A71D28DA7" controlTypeID="Line" x="1" y="240" w="373" h="1" zOrder="12">
      <color>4291611852</color>
      <font family="%E5%BE%AE%E8%BD%AF%E9%9B%85%E9%BB%91" displayName="%E5%BE%AE%E8%BD%AF%E9%9B%85%E9%BB%91" postScript="" weightStyle="Regular" weight="400" isBold="False" isItalic="False"/>
      <textSize>14</textSize>
      <lineSpacing>0</lineSpacing>
      <selectedIndex>-1</selectedIndex>
      <controlPoint>(186,0)</controlPoint>
      <startPoint>(0,0)</startPoint>
      <endPoint>(373,0)</endPoint>
    </control>
    <control controlID="6F0EF969-59A7-42DF-BA53-713BB7368869" controlTypeID="Label" x="43" y="249" w="56" h="19" zOrder="13">
      <font family="%E5%BE%AE%E8%BD%AF%E9%9B%85%E9%BB%91" displayName="%E5%BE%AE%E8%BD%AF%E9%9B%85%E9%BB%91" postScript="" weightStyle="Regular" weight="400" isBold="False" isItalic="False"/>
      <text>%E5%AE%9E%E5%90%8D%E8%AE%A4%E8%AF%81</text>
      <lineSpacing>0</lineSpacing>
      <selectedIndex>-1</selectedIndex>
    </control>
    <control controlID="A84C9067-3639-4B16-8A9D-839DD43D2338" controlTypeID="Icon" x="345" y="247" w="24" h="24" zOrder="14">
      <color>4291611852</color>
      <links eventType="AtClick" animate="AmNone" animateAutoDelay="0" animateDuration="500">
        <link targetPageID="0E676D1D-0263-4EC9-AA47-FACC1E9DE55A" linkType="ltPageLink" isApplyIncludePage="False" title="%E5%AE%9E%E5%90%8D%E8%AE%A4%E8%AF%81">
          <area shape="0" alt="" ID="{AE576D64-A62C-4079-A798-AD1D68071DC2}" coords="(0,0,24,24)"/>
        </link>
      </links>
      <icon>
        <ID/>
        <iconFontName>jdIonicons</iconFontName>
        <iconCode>61733</iconCode>
      </icon>
      <URL>2D780716D3D89B2EFB0155599BA0A89F.svg</URL>
    </control>
    <control controlID="1EE9D8FA-6AAD-4E97-806D-D481D63DC821" controlTypeID="Line" x="0" y="275" w="373" h="1" zOrder="15">
      <color>4291611852</color>
      <font family="%E5%BE%AE%E8%BD%AF%E9%9B%85%E9%BB%91" displayName="%E5%BE%AE%E8%BD%AF%E9%9B%85%E9%BB%91" postScript="" weightStyle="Regular" weight="400" isBold="False" isItalic="False"/>
      <textSize>14</textSize>
      <lineSpacing>0</lineSpacing>
      <selectedIndex>-1</selectedIndex>
      <controlPoint>(186,0)</controlPoint>
      <startPoint>(0,0)</startPoint>
      <endPoint>(373,0)</endPoint>
    </control>
    <control controlID="5ADB5792-6C07-40A7-B675-883EA2012F7C" controlTypeID="Label" x="45" y="285" w="55" h="19" zOrder="16">
      <font family="%E5%BE%AE%E8%BD%AF%E9%9B%85%E9%BB%91" displayName="%E5%BE%AE%E8%BD%AF%E9%9B%85%E9%BB%91" postScript="" weightStyle="Regular" weight="400" isBold="False" isItalic="False"/>
      <text>%E6%9C%8D%E5%8A%A1%E9%A2%84%E7%BA%A6</text>
      <lineSpacing>0</lineSpacing>
      <selectedIndex>-1</selectedIndex>
    </control>
    <control controlID="50DEBB65-0480-4EEC-851C-8D3AEA4BFAC3" controlTypeID="Icon" x="347" y="283" w="24" h="24" zOrder="17">
      <color>4291611852</color>
      <links eventType="AtClick" animate="AmNone" animateAutoDelay="0" animateDuration="500">
        <link targetPageID="2DF26805-84E3-4C1D-8219-55A8910AE5AB" linkType="ltPageLink" isApplyIncludePage="False" title="%E6%9C%8D%E5%8A%A1%E9%A2%84%E7%BA%A6">
          <area shape="0" alt="" ID="{B507B1EC-D7E9-422B-9771-04FA72196ED4}" coords="(0,0,24,24)"/>
        </link>
      </links>
      <icon>
        <ID/>
        <iconFontName>jdIonicons</iconFontName>
        <iconCode>61733</iconCode>
      </icon>
      <URL>2D780716D3D89B2EFB0155599BA0A89F.svg</URL>
    </control>
    <control controlID="B3AB26D4-2131-45AB-A29A-14DDC92D727E" controlTypeID="Line" x="2" y="311" w="373" h="1" zOrder="18">
      <color>4291611852</color>
      <font family="%E5%BE%AE%E8%BD%AF%E9%9B%85%E9%BB%91" displayName="%E5%BE%AE%E8%BD%AF%E9%9B%85%E9%BB%91" postScript="" weightStyle="Regular" weight="400" isBold="False" isItalic="False"/>
      <textSize>14</textSize>
      <lineSpacing>0</lineSpacing>
      <selectedIndex>-1</selectedIndex>
      <controlPoint>(186,0)</controlPoint>
      <startPoint>(0,0)</startPoint>
      <endPoint>(373,0)</endPoint>
    </control>
    <control controlID="34030D80-F5EF-460B-9999-F7E9D0509DF3" controlTypeID="Label" x="45" y="321" w="56" h="19" zOrder="19">
      <font family="%E5%BE%AE%E8%BD%AF%E9%9B%85%E9%BB%91" displayName="%E5%BE%AE%E8%BD%AF%E9%9B%85%E9%BB%91" postScript="" weightStyle="Regular" weight="400" isBold="False" isItalic="False"/>
      <text>%E7%B3%BB%E7%BB%9F%E6%B6%88%E6%81%AF</text>
      <lineSpacing>0</lineSpacing>
      <selectedIndex>-1</selectedIndex>
    </control>
    <control controlID="6F210D40-816E-41AE-B878-B612049C39B9" controlTypeID="Icon" x="347" y="319" w="24" h="24" zOrder="20">
      <color>4291611852</color>
      <links eventType="AtClick" animate="AmNone" animateAutoDelay="0" animateDuration="500">
        <link targetPageID="C3C6F564-8121-498D-9825-FB3D86BE6B59" linkType="ltPageLink" isApplyIncludePage="False" title="%E7%B3%BB%E7%BB%9F%E6%B6%88%E6%81%AF">
          <area shape="0" alt="" ID="{FFBC7F89-1347-4D76-9421-E162DA50345B}" coords="(0,0,24,24)"/>
        </link>
      </links>
      <icon>
        <ID/>
        <iconFontName>jdIonicons</iconFontName>
        <iconCode>61733</iconCode>
      </icon>
      <URL>2D780716D3D89B2EFB0155599BA0A89F.svg</URL>
    </control>
    <control controlID="1C98AD79-C95E-4455-8AEA-557AEEA5EB24" controlTypeID="Line" x="2" y="347" w="373" h="1" zOrder="21">
      <color>4291611852</color>
      <font family="%E5%BE%AE%E8%BD%AF%E9%9B%85%E9%BB%91" displayName="%E5%BE%AE%E8%BD%AF%E9%9B%85%E9%BB%91" postScript="" weightStyle="Regular" weight="400" isBold="False" isItalic="False"/>
      <textSize>14</textSize>
      <lineSpacing>0</lineSpacing>
      <selectedIndex>-1</selectedIndex>
      <controlPoint>(186,0)</controlPoint>
      <startPoint>(0,0)</startPoint>
      <endPoint>(373,0)</endPoint>
    </control>
    <control controlID="E09D4799-99BE-4090-9336-7E22CD9F0E78" controlTypeID="Label" x="44" y="359" w="56" h="19" zOrder="22">
      <font family="%E5%BE%AE%E8%BD%AF%E9%9B%85%E9%BB%91" displayName="%E5%BE%AE%E8%BD%AF%E9%9B%85%E9%BB%91" postScript="" weightStyle="Regular" weight="400" isBold="False" isItalic="False"/>
      <text>%E5%81%A5%E5%BA%B7%E4%B8%AD%E5%BF%83</text>
      <lineSpacing>0</lineSpacing>
      <selectedIndex>-1</selectedIndex>
    </control>
    <control controlID="464A391A-CCD3-41B4-8F31-B902BC6602E7" controlTypeID="Icon" x="346" y="357" w="24" h="24" zOrder="23">
      <color>4291611852</color>
      <links eventType="AtClick" animate="AmNone" animateAutoDelay="0" animateDuration="500">
        <link targetPageID="44BF06ED-553E-4C52-8501-C3B195EE1BF4" linkType="ltPageLink" isApplyIncludePage="False" title="%E5%81%A5%E5%BA%B7%E4%B8%AD%E5%BF%83">
          <area shape="0" alt="" ID="{3E6FCB02-5C2E-4B3F-AB94-4310E2C1631E}" coords="(0,0,24,24)"/>
        </link>
      </links>
      <icon>
        <ID/>
        <iconFontName>jdIonicons</iconFontName>
        <iconCode>61733</iconCode>
      </icon>
      <URL>2D780716D3D89B2EFB0155599BA0A89F.svg</URL>
    </control>
    <control controlID="6ED49C15-D3A7-411A-B0A0-39241B9F4E70" controlTypeID="Line" x="1" y="385" w="373" h="1" zOrder="24">
      <color>4291611852</color>
      <font family="%E5%BE%AE%E8%BD%AF%E9%9B%85%E9%BB%91" displayName="%E5%BE%AE%E8%BD%AF%E9%9B%85%E9%BB%91" postScript="" weightStyle="Regular" weight="400" isBold="False" isItalic="False"/>
      <textSize>14</textSize>
      <lineSpacing>0</lineSpacing>
      <selectedIndex>-1</selectedIndex>
      <controlPoint>(186,0)</controlPoint>
      <startPoint>(0,0)</startPoint>
      <endPoint>(373,0)</endPoint>
    </control>
    <control controlID="AAA0C64F-9AA0-43C9-9C93-4112C0D10CD5" controlTypeID="Icon" x="11" y="393" w="24" h="24" zOrder="25">
      <color>4278242559</color>
      <icon>
        <ID/>
        <iconFontName>jdIonicons</iconFontName>
        <iconCode>62297</iconCode>
      </icon>
      <URL>A74ACDBBC3EE487C9CDF84F8F9700C7C.svg</URL>
    </control>
    <control controlID="62E09197-C65C-4759-8092-24D124D528D8" controlTypeID="Label" x="45" y="395" w="27" h="19" zOrder="26">
      <font family="%E5%BE%AE%E8%BD%AF%E9%9B%85%E9%BB%91" displayName="%E5%BE%AE%E8%BD%AF%E9%9B%85%E9%BB%91" postScript="" weightStyle="Regular" weight="400" isBold="False" isItalic="False"/>
      <text>%E6%9B%B4%E5%A4%9A</text>
      <lineSpacing>0</lineSpacing>
      <selectedIndex>-1</selectedIndex>
    </control>
    <control controlID="7C9B5717-E913-4EE4-8566-B8974258BB9F" controlTypeID="Icon" x="347" y="393" w="24" h="24" zOrder="27">
      <color>4291611852</color>
      <links eventType="AtClick" animate="AmNone" animateAutoDelay="0" animateDuration="500">
        <link targetPageID="488402EA-7651-4328-8169-0698F5EAA58C" linkType="ltPageLink" isApplyIncludePage="False" title="%E6%9B%B4%E5%A4%9A">
          <area shape="0" alt="" ID="{91AE2F22-2C72-43A8-8103-9BA75EBF3817}" coords="(0,0,24,24)"/>
        </link>
      </links>
      <icon>
        <ID/>
        <iconFontName>jdIonicons</iconFontName>
        <iconCode>61733</iconCode>
      </icon>
      <URL>2D780716D3D89B2EFB0155599BA0A89F.svg</URL>
    </control>
    <control controlID="2F7BD1FF-DA1C-4070-83D2-318296462D1C" controlTypeID="Line" x="2" y="421" w="373" h="1" zOrder="28">
      <color>4291611852</color>
      <font family="%E5%BE%AE%E8%BD%AF%E9%9B%85%E9%BB%91" displayName="%E5%BE%AE%E8%BD%AF%E9%9B%85%E9%BB%91" postScript="" weightStyle="Regular" weight="400" isBold="False" isItalic="False"/>
      <textSize>14</textSize>
      <lineSpacing>0</lineSpacing>
      <selectedIndex>-1</selectedIndex>
      <controlPoint>(186,0)</controlPoint>
      <startPoint>(0,0)</startPoint>
      <endPoint>(373,0)</endPoint>
    </control>
    <control controlID="0A5246C6-8B54-4688-8629-5903540C733A" controlTypeID="Icon" x="10" y="247" w="24" h="24" zOrder="29">
      <color>4294953984</color>
      <icon>
        <ID/>
        <iconFontName>jdIonicons</iconFontName>
        <iconCode>62489</iconCode>
      </icon>
      <URL>E7D27E7A00FA7023CB70F7694DE9F06F.svg</URL>
    </control>
    <control controlID="D6B5527E-6996-454B-8693-DBD8B9A7E13B" controlTypeID="Icon" x="10" y="281" w="24" h="24" zOrder="30">
      <color>4278229248</color>
      <icon>
        <ID/>
        <iconFontName>jdIcoFont</iconFontName>
        <iconCode>59209</iconCode>
      </icon>
      <URL>190D7BF184AD9E483F79785481FA3F48.svg</URL>
    </control>
    <control controlID="E73D8877-2953-49BD-A90D-39F04835D6D5" controlTypeID="Icon" x="10" y="317" w="24" h="24" zOrder="31">
      <color>4278255360</color>
      <icon>
        <ID/>
        <iconFontName>jdIonicons</iconFontName>
        <iconCode>62460</iconCode>
      </icon>
      <URL>96995CA188DE9B9704C0680F60751B57.svg</URL>
    </control>
    <control controlID="9515E531-74BA-4E8E-A6A9-3FCF276CA2A0" controlTypeID="Icon" x="10" y="359" w="24" h="24" zOrder="32">
      <color>4291559424</color>
      <icon>
        <ID/>
        <iconFontName>jdFontAwesome</iconFontName>
        <iconCode>61689</iconCode>
      </icon>
      <URL>36096EA56E4BD66EC1BCE9748257D50F.svg</URL>
    </control>
  </controls>
  <param>
    <backgroundColor>4294967295</backgroundColor>
    <fontSize>0</fontSize>
    <fontFamily/>
    <guideLines/>
  </param>
</mockup>