﻿<mockup version="5.3" minAllowVersion="5.3" ID="447441F4-5CDF-40ED-BCF8-9AB304D7CF1A" platform="MtMobile" defaultW="375" defaultH="667" measureW="375" measureH="667" screenOrientation="MoPortrait" mobileScreenScale="1.77777779102325" clipArea="(0,0,0,0)">
  <controls controlCount="52">
    <control controlID="65E5F3B7-C010-4700-9AF7-D8F2D75AA52B" controlTypeID="StatusBar(IOS)" x="0" y="0" w="375" h="20" zOrder="0"/>
    <control controlID="19A5F3BB-A55C-4134-AC82-71B4A8825FBA" controlTypeID="Label" x="170" y="30" w="36" h="24" zOrder="1">
      <font family="%E5%BE%AE%E8%BD%AF%E9%9B%85%E9%BB%91" displayName="%E5%BE%AE%E8%BD%AF%E9%9B%85%E9%BB%91+Bold" postScript="" weightStyle="Bold" weight="700" isBold="True" isItalic="False"/>
      <text>%E9%A6%96%E9%A1%B5</text>
      <textColor>4278242559</textColor>
      <textSize>18</textSize>
      <lineSpacing>0</lineSpacing>
      <textStyles>[fsBold]</textStyles>
      <useDefaultTextSize>False</useDefaultTextSize>
      <selectedIndex>-1</selectedIndex>
    </control>
    <control controlID="4700B976-2CAF-4116-BDE1-FFC93084B74E" controlTypeID="ImageCarousel" x="0" y="59" w="375" h="168" zOrder="2">
      <groupChildrenDescriptors>
        <control controlID="0D78D168-39BF-47E3-ACB6-A5D8925E17A9" controlTypeID="ImageBackground" x="0" y="0" w="375" h="168" zOrder="0">
          <caption>TIM%E6%88%AA%E5%9B%BE20181114092910</caption>
          <groupChildrenDescriptors/>
          <URL>33070118B95A27D3EAE218361017B0B6.png</URL>
        </control>
        <control controlID="6A5F8B79-0E4D-4B88-84CE-B44EFA1860A1" controlTypeID="ImageBackground" x="0" y="0" w="375" h="168" zOrder="1">
          <caption>TIM%E6%88%AA%E5%9B%BE20181114092955</caption>
          <groupChildrenDescriptors/>
          <URL>F3107E4018056E0E76AC6A1156E2E798.png</URL>
        </control>
      </groupChildrenDescriptors>
      <selectedIndex>1</selectedIndex>
    </control>
    <control controlID="02E9FC9A-BBCA-40A3-9931-868CDB6DB434" controlTypeID="Line" x="1" y="59" w="372" h="1" zOrder="3">
      <color>4291611852</color>
      <font family="%E5%BE%AE%E8%BD%AF%E9%9B%85%E9%BB%91" displayName="%E5%BE%AE%E8%BD%AF%E9%9B%85%E9%BB%91" postScript="" weightStyle="Regular" weight="400" isBold="False" isItalic="False"/>
      <textSize>14</textSize>
      <lineSpacing>0</lineSpacing>
      <selectedIndex>-1</selectedIndex>
      <controlPoint>(186,0)</controlPoint>
      <startPoint>(0,0)</startPoint>
      <endPoint>(372,0)</endPoint>
    </control>
    <control controlID="A14F6552-C6DD-4831-854B-E7F3B6BD3A5F" controlTypeID="Line" x="1" y="272" w="375" h="1" zOrder="4">
      <color>4291611852</color>
      <font family="%E5%BE%AE%E8%BD%AF%E9%9B%85%E9%BB%91" displayName="%E5%BE%AE%E8%BD%AF%E9%9B%85%E9%BB%91" postScript="" weightStyle="Regular" weight="400" isBold="False" isItalic="False"/>
      <textSize>14</textSize>
      <lineSpacing>0</lineSpacing>
      <selectedIndex>-1</selectedIndex>
      <controlPoint>(188,0)</controlPoint>
      <startPoint>(0,0)</startPoint>
      <endPoint>(375,0)</endPoint>
    </control>
    <control controlID="BDF28093-AD3A-44A0-8DFD-A9154FB382C9" controlTypeID="TextArea" x="11" y="231" w="36" h="35" zOrder="5">
      <font family="%E5%BE%AE%E8%BD%AF%E9%9B%85%E9%BB%91" displayName="%E5%BE%AE%E8%BD%AF%E9%9B%85%E9%BB%91+Bold" postScript="" weightStyle="Bold" weight="700" isBold="True" isItalic="False"/>
      <text>%E6%B6%88%E6%81%AF%0D%0A%E9%80%9A%E7%9F%A5</text>
      <textColor>4278242508</textColor>
      <textStyles>[fsBold]</textStyles>
      <selectedIndex>-1</selectedIndex>
    </control>
    <control controlID="7FFA20B6-BC3E-4C20-911D-321BEEE89878" controlTypeID="Label" x="57" y="238" w="242" h="19" zOrder="6">
      <font family="%E5%BE%AE%E8%BD%AF%E9%9B%85%E9%BB%91" displayName="%E5%BE%AE%E8%BD%AF%E9%9B%85%E9%BB%91" postScript="" weightStyle="Regular" weight="400" isBold="False" isItalic="False"/>
      <text>%E6%AC%A2%E8%BF%8E%E4%BD%BF%E7%94%A8%E6%85%A2%E7%97%85%E7%AE%A1%E7%90%86%E7%B3%BB%E7%BB%9F%EF%BC%8C%E7%A5%9D%E6%82%A8%E6%97%A9%E6%97%A5%E5%BA%B7%E5%A4%8D%EF%BC%81</text>
      <textColor>4288256409</textColor>
      <lineSpacing>0</lineSpacing>
      <selectedIndex>-1</selectedIndex>
    </control>
    <control controlID="52F7DE0F-4134-4F5F-BBBA-1A204506FC88" controlTypeID="Line" x="1" y="279" w="375" h="1" zOrder="7">
      <color>4288256409</color>
      <font family="%E5%BE%AE%E8%BD%AF%E9%9B%85%E9%BB%91" displayName="%E5%BE%AE%E8%BD%AF%E9%9B%85%E9%BB%91" postScript="" weightStyle="Regular" weight="400" isBold="False" isItalic="False"/>
      <textColor>4288256409</textColor>
      <textSize>14</textSize>
      <lineSpacing>0</lineSpacing>
      <selectedIndex>-1</selectedIndex>
      <controlPoint>(188,0)</controlPoint>
      <startPoint>(0,0)</startPoint>
      <endPoint>(375,0)</endPoint>
    </control>
    <control controlID="9BCCFE33-A347-4096-8117-588E2313575C" controlTypeID="Icon" x="59" y="621" w="24" h="24" zOrder="8">
      <icon>
        <ID/>
        <iconFontName>jdFontAwesome</iconFontName>
        <iconCode>61461</iconCode>
      </icon>
      <URL>E447C8EF21DE64EDDB03C3EF95A290A3.svg</URL>
    </control>
    <control controlID="145E824B-783E-45E3-B4AE-36AB5B87E8F8" controlTypeID="Label" x="57" y="646" w="28" h="19" zOrder="9">
      <font family="%E5%BE%AE%E8%BD%AF%E9%9B%85%E9%BB%91" displayName="%E5%BE%AE%E8%BD%AF%E9%9B%85%E9%BB%91" postScript="" weightStyle="Regular" weight="400" isBold="False" isItalic="False"/>
      <text>%E9%A6%96%E9%A1%B5</text>
      <textColor>4284900966</textColor>
      <lineSpacing>0</lineSpacing>
      <selectedIndex>-1</selectedIndex>
    </control>
    <control controlID="8464EDC1-A655-4647-9D65-599A6080764E" controlTypeID="Icon" x="176" y="623" w="24" h="24" zOrder="10">
      <icon>
        <ID/>
        <iconFontName>jdIcoFont</iconFontName>
        <iconCode>59194</iconCode>
      </icon>
      <URL>9AC8B3F7E65381E303D04800A1AB54C8.svg</URL>
    </control>
    <control controlID="0A410304-1E2A-4EC4-97CA-FD8ADBC59EF4" controlTypeID="Label" x="161" y="647" w="56" h="19" zOrder="11">
      <font family="%E5%BE%AE%E8%BD%AF%E9%9B%85%E9%BB%91" displayName="%E5%BE%AE%E8%BD%AF%E9%9B%85%E9%BB%91" postScript="" weightStyle="Regular" weight="400" isBold="False" isItalic="False"/>
      <text>%E7%94%A8%E8%8D%AF%E8%AE%B0%E5%BD%95</text>
      <textColor>4284900966</textColor>
      <lineSpacing>0</lineSpacing>
      <selectedIndex>-1</selectedIndex>
    </control>
    <control controlID="3794958A-285A-48AC-BAC3-0145A51E97DD" controlTypeID="Icon" x="296" y="623" w="24" h="24" zOrder="12">
      <icon>
        <ID/>
        <iconFontName>jdiconfontB</iconFontName>
        <iconCode>59648</iconCode>
      </icon>
      <URL>42CF9E031360EBC09387427849BF6328.svg</URL>
    </control>
    <control controlID="15096A21-2728-4E75-A787-1E3159FB09EF" controlTypeID="Label" x="296" y="648" w="27" h="19" zOrder="13">
      <font family="%E5%BE%AE%E8%BD%AF%E9%9B%85%E9%BB%91" displayName="%E5%BE%AE%E8%BD%AF%E9%9B%85%E9%BB%91" postScript="" weightStyle="Regular" weight="400" isBold="False" isItalic="False"/>
      <text>%E6%88%91%E7%9A%84</text>
      <textColor>4284900966</textColor>
      <lineSpacing>0</lineSpacing>
      <selectedIndex>-1</selectedIndex>
    </control>
    <control controlID="9C5F735F-DCEF-4B30-BB7C-049A0BC609C8" controlTypeID="Line" x="1" y="621" w="374" h="1" zOrder="14">
      <color>4291611852</color>
      <font family="%E5%BE%AE%E8%BD%AF%E9%9B%85%E9%BB%91" displayName="%E5%BE%AE%E8%BD%AF%E9%9B%85%E9%BB%91" postScript="" weightStyle="Regular" weight="400" isBold="False" isItalic="False"/>
      <textSize>14</textSize>
      <lineSpacing>0</lineSpacing>
      <selectedIndex>-1</selectedIndex>
      <controlPoint>(187,0)</controlPoint>
      <startPoint>(0,0)</startPoint>
      <endPoint>(374,0)</endPoint>
    </control>
    <control controlID="36AF5FCF-EC08-4F5D-A7B0-1843160DC610" controlTypeID="Icon" x="331" y="30" w="24" h="24" zOrder="15">
      <icon>
        <ID/>
        <iconFontName>jdFontAwesome</iconFontName>
        <iconCode>61670</iconCode>
      </icon>
      <URL>F8C86C7A111DD09129B2103FBCA66425.svg</URL>
    </control>
    <control controlID="8103A82D-3B34-45FA-B023-BDE4FBDA0CD5" controlTypeID="Line" x="1" y="345" w="374" h="1" zOrder="16">
      <color>4291611852</color>
      <font family="%E5%BE%AE%E8%BD%AF%E9%9B%85%E9%BB%91" displayName="%E5%BE%AE%E8%BD%AF%E9%9B%85%E9%BB%91" postScript="" weightStyle="Regular" weight="400" isBold="False" isItalic="False"/>
      <textColor>4291611852</textColor>
      <textSize>14</textSize>
      <lineSpacing>0</lineSpacing>
      <selectedIndex>-1</selectedIndex>
      <controlPoint>(187,0)</controlPoint>
      <startPoint>(0,0)</startPoint>
      <endPoint>(374,0)</endPoint>
    </control>
    <control controlID="F4C18FB9-B5C9-4F92-A923-CED012137D25" controlTypeID="Line" x="184" y="279" w="1" h="126" zOrder="17">
      <color>4291611852</color>
      <font family="%E5%BE%AE%E8%BD%AF%E9%9B%85%E9%BB%91" displayName="%E5%BE%AE%E8%BD%AF%E9%9B%85%E9%BB%91" postScript="" weightStyle="Regular" weight="400" isBold="False" isItalic="False"/>
      <textSize>14</textSize>
      <lineSpacing>0</lineSpacing>
      <selectedIndex>-1</selectedIndex>
      <controlPoint>(0,63)</controlPoint>
      <startPoint>(0,0)</startPoint>
      <endPoint>(0,126)</endPoint>
    </control>
    <control controlID="38AD3859-70DF-4A90-8C8A-2CA84FE5553A" controlTypeID="Line" x="2" y="404" w="370" h="1" zOrder="18">
      <color>4291611852</color>
      <font family="%E5%BE%AE%E8%BD%AF%E9%9B%85%E9%BB%91" displayName="%E5%BE%AE%E8%BD%AF%E9%9B%85%E9%BB%91" postScript="" weightStyle="Regular" weight="400" isBold="False" isItalic="False"/>
      <textSize>14</textSize>
      <lineSpacing>0</lineSpacing>
      <selectedIndex>-1</selectedIndex>
      <controlPoint>(185,0)</controlPoint>
      <startPoint>(0,0)</startPoint>
      <endPoint>(370,0)</endPoint>
    </control>
    <control controlID="1EEF690E-2A39-486C-BF32-9B1AAAA0D12A" controlTypeID="Icon" x="8" y="290" w="38" h="38" zOrder="19">
      <color>4278242559</color>
      <icon>
        <ID/>
        <iconFontName>jdIcoFont</iconFontName>
        <iconCode>58887</iconCode>
      </icon>
      <URL>913449F1A44592DB0E85CF8D498CFF80.svg</URL>
    </control>
    <control controlID="E0F80C8E-DE99-483B-9744-CDC3B01BFCAD" controlTypeID="Label" x="50" y="291" w="56" h="19" zOrder="20">
      <font family="%E5%BE%AE%E8%BD%AF%E9%9B%85%E9%BB%91" displayName="%E5%BE%AE%E8%BD%AF%E9%9B%85%E9%BB%91" postScript="" weightStyle="Regular" weight="400" isBold="False" isItalic="False"/>
      <text>%E4%B8%AA%E4%BA%BA%E4%B8%AD%E5%BF%83</text>
      <lineSpacing>0</lineSpacing>
      <selectedIndex>-1</selectedIndex>
    </control>
    <control controlID="115029AF-1B24-4926-8886-EEB0199088B2" controlTypeID="Label" x="47" y="314" w="99" h="16" zOrder="21">
      <font family="%E5%BE%AE%E8%BD%AF%E9%9B%85%E9%BB%91" displayName="%E5%BE%AE%E8%BD%AF%E9%9B%85%E9%BB%91" postScript="" weightStyle="Regular" weight="400" isBold="False" isItalic="False"/>
      <text>%E7%B3%BB%E7%BB%9F%E6%8E%8C%E6%8F%A1+%E7%97%85%E6%83%85%E7%AE%A1%E7%90%86</text>
      <textColor>4288256409</textColor>
      <textSize>12</textSize>
      <lineSpacing>0</lineSpacing>
      <useDefaultTextSize>False</useDefaultTextSize>
      <selectedIndex>-1</selectedIndex>
    </control>
    <control controlID="DBBA4B4A-2B6D-4CF3-B898-BF38F7705140" controlTypeID="Icon" x="196" y="288" w="38" h="38" zOrder="22">
      <color>4278229248</color>
      <icon>
        <ID/>
        <iconFontName>jdIonicons</iconFontName>
        <iconCode>62114</iconCode>
      </icon>
      <URL>C125C6E8DA332E50570A16F67EA7EF08.svg</URL>
    </control>
    <control controlID="64DDE798-FDEE-4FF3-9607-B7C5E060F965" controlTypeID="Label" x="240" y="290" w="56" h="19" zOrder="23">
      <font family="%E5%BE%AE%E8%BD%AF%E9%9B%85%E9%BB%91" displayName="%E5%BE%AE%E8%BD%AF%E9%9B%85%E9%BB%91" postScript="" weightStyle="Regular" weight="400" isBold="False" isItalic="False"/>
      <text>%E8%8D%AF%E4%BA%8B%E6%9C%8D%E5%8A%A1</text>
      <lineSpacing>0</lineSpacing>
      <selectedIndex>-1</selectedIndex>
    </control>
    <control controlID="C6C95FAD-2803-45FA-8105-81A230B54C15" controlTypeID="Label" x="240" y="314" w="99" h="16" zOrder="24">
      <font family="%E5%BE%AE%E8%BD%AF%E9%9B%85%E9%BB%91" displayName="%E5%BE%AE%E8%BD%AF%E9%9B%85%E9%BB%91" postScript="" weightStyle="Regular" weight="400" isBold="False" isItalic="False"/>
      <text>%E9%9A%8F%E6%97%B6%E9%9A%8F%E5%9C%B0+%E5%9C%A8%E7%BA%BF%E8%A7%A3%E7%AD%94</text>
      <textColor>4288256409</textColor>
      <textSize>12</textSize>
      <lineSpacing>0</lineSpacing>
      <useDefaultTextSize>False</useDefaultTextSize>
      <selectedIndex>-1</selectedIndex>
    </control>
    <control controlID="95B61CA0-9C9B-4A32-A2FC-554DDCBF189B" controlTypeID="Icon" x="9" y="355" w="38" h="38" zOrder="25">
      <color>4294927923</color>
      <icon>
        <ID/>
        <iconFontName>jdIcoFont</iconFontName>
        <iconCode>59283</iconCode>
      </icon>
      <URL>367481B153B68F7AC80A945364EF618D.svg</URL>
    </control>
    <control controlID="4948266A-022A-475B-ABC9-423CFFA8DE93" controlTypeID="Label" x="47" y="355" w="56" h="19" zOrder="26">
      <font family="%E5%BE%AE%E8%BD%AF%E9%9B%85%E9%BB%91" displayName="%E5%BE%AE%E8%BD%AF%E9%9B%85%E9%BB%91" postScript="" weightStyle="Regular" weight="400" isBold="False" isItalic="False"/>
      <text>%E4%BD%93%E5%BE%81%E8%AE%B0%E5%BD%95</text>
      <lineSpacing>0</lineSpacing>
      <selectedIndex>-1</selectedIndex>
    </control>
    <control controlID="B95B39E5-FD43-456A-A7CB-FBD6838D2207" controlTypeID="Label" x="50" y="376" w="99" h="16" zOrder="27">
      <font family="%E5%BE%AE%E8%BD%AF%E9%9B%85%E9%BB%91" displayName="%E5%BE%AE%E8%BD%AF%E9%9B%85%E9%BB%91" postScript="" weightStyle="Regular" weight="400" isBold="False" isItalic="False"/>
      <text>%E5%AE%9E%E6%97%B6%E8%AE%B0%E5%BD%95+%E4%BF%9D%E9%A9%BE%E6%8A%A4%E8%88%AA</text>
      <textColor>4288256409</textColor>
      <textSize>12</textSize>
      <lineSpacing>0</lineSpacing>
      <useDefaultTextSize>False</useDefaultTextSize>
      <selectedIndex>-1</selectedIndex>
    </control>
    <control controlID="E01E13CC-2A13-4D98-B896-302D0FCF3FD5" controlTypeID="Icon" x="197" y="355" w="37" h="37" zOrder="28">
      <color>4294940928</color>
      <icon>
        <ID/>
        <iconFontName>jdFontAwesome</iconFontName>
        <iconCode>61688</iconCode>
      </icon>
      <URL>1562FD36B22408149639CF480304BBED.svg</URL>
    </control>
    <control controlID="5577B62A-25AB-4991-BE7E-64628529C725" controlTypeID="Label" x="240" y="355" w="56" h="19" zOrder="29">
      <font family="%E5%BE%AE%E8%BD%AF%E9%9B%85%E9%BB%91" displayName="%E5%BE%AE%E8%BD%AF%E9%9B%85%E9%BB%91" postScript="" weightStyle="Regular" weight="400" isBold="False" isItalic="False"/>
      <text>%E6%85%A2%E7%97%85%E7%99%BE%E7%A7%91</text>
      <lineSpacing>0</lineSpacing>
      <selectedIndex>-1</selectedIndex>
    </control>
    <control controlID="F241A03A-1915-4CAD-93FF-7829DB0D3982" controlTypeID="Label" x="239" y="376" w="99" h="16" zOrder="30">
      <font family="%E5%BE%AE%E8%BD%AF%E9%9B%85%E9%BB%91" displayName="%E5%BE%AE%E8%BD%AF%E9%9B%85%E9%BB%91" postScript="" weightStyle="Regular" weight="400" isBold="False" isItalic="False"/>
      <text>%E4%BA%86%E8%A7%A3%E7%96%BE%E7%97%85+%E6%B3%A8%E6%84%8F%E9%98%B2%E8%8C%83</text>
      <textColor>4288256409</textColor>
      <textSize>12</textSize>
      <lineSpacing>0</lineSpacing>
      <useDefaultTextSize>False</useDefaultTextSize>
      <selectedIndex>-1</selectedIndex>
    </control>
    <control controlID="1B3B4BF2-C7B6-460F-B1D3-D8A77C13C54F" controlTypeID="Line" x="2" y="419" w="372" h="1" zOrder="31">
      <font family="%E5%BE%AE%E8%BD%AF%E9%9B%85%E9%BB%91" displayName="%E5%BE%AE%E8%BD%AF%E9%9B%85%E9%BB%91" postScript="" weightStyle="Regular" weight="400" isBold="False" isItalic="False"/>
      <textSize>14</textSize>
      <lineSpacing>0</lineSpacing>
      <selectedIndex>-1</selectedIndex>
      <controlPoint>(186,0)</controlPoint>
      <startPoint>(0,0)</startPoint>
      <endPoint>(372,0)</endPoint>
    </control>
    <control controlID="954AEAB6-7611-4FA9-B050-6F95F072172C" controlTypeID="Label" x="9" y="430" w="273" h="19" zOrder="32">
      <font family="%E5%BE%AE%E8%BD%AF%E9%9B%85%E9%BB%91" displayName="%E5%BE%AE%E8%BD%AF%E9%9B%85%E9%BB%91" postScript="" weightStyle="Regular" weight="400" isBold="False" isItalic="False"/>
      <text>%E9%AB%98%E8%A1%80%E5%8E%8B%E6%9C%89%E7%9C%9F%E5%81%87%EF%BC%9F%E7%9C%9F%E5%81%87%E9%AB%98%E8%A1%80%E5%8E%8B%EF%BC%8C%E4%BD%A0%E5%88%86%E5%BE%97%E6%B8%85%E6%A5%9A%E5%90%97%EF%BC%9F</text>
      <lineSpacing>0</lineSpacing>
      <selectedIndex>-1</selectedIndex>
    </control>
    <control controlID="FEA39497-0A72-44B1-BD48-22028BCA86E4" controlTypeID="Image" x="280" y="441" w="83" h="72" zOrder="33">
      <URL>F70208FA283E521D3EC81B1074D0C642.png</URL>
    </control>
    <control controlID="77B779CD-4D62-4056-B9E1-743E115D9A53" controlTypeID="Icon" x="166" y="484" w="24" h="24" zOrder="34">
      <color>4288256409</color>
      <icon>
        <ID/>
        <iconFontName>jdIonicons</iconFontName>
        <iconCode>61747</iconCode>
      </icon>
      <URL>95808BE677799CD413353FF189D8AB9B.svg</URL>
    </control>
    <control controlID="B554A8F0-2D2C-4426-BF0A-05DE903A1EE1" controlTypeID="Line" x="2" y="514" w="371" h="1" zOrder="35">
      <font family="%E5%BE%AE%E8%BD%AF%E9%9B%85%E9%BB%91" displayName="%E5%BE%AE%E8%BD%AF%E9%9B%85%E9%BB%91" postScript="" weightStyle="Regular" weight="400" isBold="False" isItalic="False"/>
      <textSize>14</textSize>
      <lineSpacing>0</lineSpacing>
      <selectedIndex>-1</selectedIndex>
      <controlPoint>(186,0)</controlPoint>
      <startPoint>(0,0)</startPoint>
      <endPoint>(371,0)</endPoint>
    </control>
    <control controlID="299F4969-5F3A-45A0-8242-974BBD983A02" controlTypeID="Icon" x="57" y="489" w="15" h="15" zOrder="36">
      <icon>
        <ID/>
        <iconFontName>jdIonicons</iconFontName>
        <iconCode>62343</iconCode>
      </icon>
      <URL>27BF6DD5D083782A1CB633DA66BC8750.svg</URL>
    </control>
    <control controlID="0AEB405F-2172-4A8D-AFFD-F383D50E2A59" controlTypeID="Label" x="82" y="486" w="24" h="19" zOrder="37">
      <font family="%E5%BE%AE%E8%BD%AF%E9%9B%85%E9%BB%91" displayName="%E5%BE%AE%E8%BD%AF%E9%9B%85%E9%BB%91" postScript="" weightStyle="Regular" weight="400" isBold="False" isItalic="False"/>
      <text>100</text>
      <textColor>4288256409</textColor>
      <lineSpacing>0</lineSpacing>
      <selectedIndex>-1</selectedIndex>
    </control>
    <control controlID="A244B3CE-ADC7-4520-9AEF-32F37357D11B" controlTypeID="Label" x="197" y="487" w="24" h="19" zOrder="38">
      <font family="%E5%BE%AE%E8%BD%AF%E9%9B%85%E9%BB%91" displayName="%E5%BE%AE%E8%BD%AF%E9%9B%85%E9%BB%91" postScript="" weightStyle="Regular" weight="400" isBold="False" isItalic="False"/>
      <text>560</text>
      <textColor>4288256409</textColor>
      <lineSpacing>0</lineSpacing>
      <selectedIndex>-1</selectedIndex>
    </control>
    <control controlID="458FD91A-7822-4C3F-B2AC-A55F9268925C" controlTypeID="Line" x="3" y="500" w="370" h="1" zOrder="39">
      <color>4291611852</color>
      <font family="%E5%BE%AE%E8%BD%AF%E9%9B%85%E9%BB%91" displayName="%E5%BE%AE%E8%BD%AF%E9%9B%85%E9%BB%91" postScript="" weightStyle="Regular" weight="400" isBold="False" isItalic="False"/>
      <textSize>14</textSize>
      <lineSpacing>0</lineSpacing>
      <selectedIndex>-1</selectedIndex>
      <controlPoint>(185,0)</controlPoint>
      <startPoint>(0,0)</startPoint>
      <endPoint>(370,0)</endPoint>
    </control>
    <control controlID="63352826-CFB5-4BB3-AB0F-A285CF17D740" controlTypeID="Label" x="10" y="526" w="273" h="19" zOrder="40">
      <font family="%E5%BE%AE%E8%BD%AF%E9%9B%85%E9%BB%91" displayName="%E5%BE%AE%E8%BD%AF%E9%9B%85%E9%BB%91" postScript="" weightStyle="Regular" weight="400" isBold="False" isItalic="False"/>
      <text>%E9%AB%98%E8%A1%80%E5%8E%8B%E6%9C%89%E7%9C%9F%E5%81%87%EF%BC%9F%E7%9C%9F%E5%81%87%E9%AB%98%E8%A1%80%E5%8E%8B%EF%BC%8C%E4%BD%A0%E5%88%86%E5%BE%97%E6%B8%85%E6%A5%9A%E5%90%97%EF%BC%9F</text>
      <lineSpacing>0</lineSpacing>
      <selectedIndex>-1</selectedIndex>
    </control>
    <control controlID="C9ABEE41-5179-4A5C-9E77-377522A23BDD" controlTypeID="Image" x="281" y="537" w="83" h="72" zOrder="41">
      <URL>F70208FA283E521D3EC81B1074D0C642.png</URL>
    </control>
    <control controlID="81F456D8-692F-499E-A05A-ED6C78D5D025" controlTypeID="Icon" x="167" y="580" w="24" h="24" zOrder="42">
      <color>4288256409</color>
      <icon>
        <ID/>
        <iconFontName>jdIonicons</iconFontName>
        <iconCode>61747</iconCode>
      </icon>
      <URL>95808BE677799CD413353FF189D8AB9B.svg</URL>
    </control>
    <control controlID="77CC8DE3-C4A9-4092-BD9B-A5D96FF3238D" controlTypeID="Line" x="3" y="610" w="371" h="1" zOrder="43">
      <font family="%E5%BE%AE%E8%BD%AF%E9%9B%85%E9%BB%91" displayName="%E5%BE%AE%E8%BD%AF%E9%9B%85%E9%BB%91" postScript="" weightStyle="Regular" weight="400" isBold="False" isItalic="False"/>
      <textSize>14</textSize>
      <lineSpacing>0</lineSpacing>
      <selectedIndex>-1</selectedIndex>
      <controlPoint>(186,0)</controlPoint>
      <startPoint>(0,0)</startPoint>
      <endPoint>(371,0)</endPoint>
    </control>
    <control controlID="F0A02C7E-2BB7-41AF-A373-3AAA2576F903" controlTypeID="Icon" x="58" y="585" w="15" h="15" zOrder="44">
      <icon>
        <ID/>
        <iconFontName>jdIonicons</iconFontName>
        <iconCode>62343</iconCode>
      </icon>
      <URL>27BF6DD5D083782A1CB633DA66BC8750.svg</URL>
    </control>
    <control controlID="2C82D2C3-486D-4AAC-B078-73A05F8B5D22" controlTypeID="Label" x="83" y="582" w="24" h="19" zOrder="45">
      <font family="%E5%BE%AE%E8%BD%AF%E9%9B%85%E9%BB%91" displayName="%E5%BE%AE%E8%BD%AF%E9%9B%85%E9%BB%91" postScript="" weightStyle="Regular" weight="400" isBold="False" isItalic="False"/>
      <text>100</text>
      <textColor>4288256409</textColor>
      <lineSpacing>0</lineSpacing>
      <selectedIndex>-1</selectedIndex>
    </control>
    <control controlID="08DE2EF7-DFA1-4F09-8427-AC47DCDB1FC8" controlTypeID="Label" x="198" y="583" w="24" h="19" zOrder="46">
      <font family="%E5%BE%AE%E8%BD%AF%E9%9B%85%E9%BB%91" displayName="%E5%BE%AE%E8%BD%AF%E9%9B%85%E9%BB%91" postScript="" weightStyle="Regular" weight="400" isBold="False" isItalic="False"/>
      <text>560</text>
      <textColor>4288256409</textColor>
      <lineSpacing>0</lineSpacing>
      <selectedIndex>-1</selectedIndex>
    </control>
    <control controlID="9858ABB8-E185-4BD8-81D4-B7087C8FFD38" controlTypeID="__group__" x="272" y="485" w="114" h="102" zOrder="47">
      <groupChildrenDescriptors>
        <control controlID="D0120D13-F654-4487-812C-16D1D1665874" controlTypeID="Icon" x="0" y="0" w="102" h="102" zOrder="0">
          <color>4278242508</color>
          <icon>
            <ID/>
            <iconFontName>jdIonicons</iconFontName>
            <iconCode>62465</iconCode>
          </icon>
          <URL>3B443BC10FFEEF2C52CCC9C32992C21A.svg</URL>
        </control>
        <control controlID="F28CE905-35C1-48A6-BB39-C46A8C08FB08" controlTypeID="TextArea" x="24" y="31" w="90" h="50" zOrder="1">
          <font family="%E5%BE%AE%E8%BD%AF%E9%9B%85%E9%BB%91" displayName="%E5%BE%AE%E8%BD%AF%E9%9B%85%E9%BB%91+Bold" postScript="" weightStyle="Bold" weight="700" isBold="True" isItalic="False"/>
          <text>%E6%80%A5%E6%95%91</text>
          <textColor>4291559424</textColor>
          <textSize>28</textSize>
          <textStyles>[fsBold]</textStyles>
          <useDefaultTextSize>False</useDefaultTextSize>
          <selectedIndex>-1</selectedIndex>
        </control>
      </groupChildrenDescriptors>
    </control>
  </controls>
  <param>
    <backgroundColor>4294967295</backgroundColor>
    <fontSize>0</fontSize>
    <fontFamily/>
    <guideLines/>
  </param>
</mockup>