﻿<mockup version="5.3" minAllowVersion="5.3" ID="0E676D1D-0263-4EC9-AA47-FACC1E9DE55A" platform="MtMobile" defaultW="375" defaultH="667" measureW="375" measureH="667" screenOrientation="MoPortrait" mobileScreenScale="1.77777779102325" clipArea="(0,0,0,0)">
  <controls controlCount="7">
    <control controlID="65E5F3B7-C010-4700-9AF7-D8F2D75AA52B" controlTypeID="StatusBar(IOS)" x="0" y="0" w="375" h="20" zOrder="0"/>
    <control controlID="AD9072AF-EE10-47BC-91D0-A8147A63E050" controlTypeID="Icon" x="11" y="22" w="24" h="24" zOrder="1">
      <color>4278242559</color>
      <icon>
        <ID/>
        <iconFontName>jdIonicons</iconFontName>
        <iconCode>62415</iconCode>
      </icon>
      <URL>D6859759E093AABA6D618DD6AA733504.svg</URL>
    </control>
    <control controlID="F616AB7B-E40C-4B3E-B406-C3F6833CBED6" controlTypeID="Label" x="155" y="23" w="64" h="22" zOrder="2">
      <font family="%E5%BE%AE%E8%BD%AF%E9%9B%85%E9%BB%91" displayName="%E5%BE%AE%E8%BD%AF%E9%9B%85%E9%BB%91" postScript="" weightStyle="Regular" weight="400" isBold="False" isItalic="False"/>
      <text>%E5%AE%9E%E5%90%8D%E8%AE%A4%E8%AF%81</text>
      <textColor>4278242559</textColor>
      <textSize>16</textSize>
      <lineSpacing>0</lineSpacing>
      <useDefaultTextSize>False</useDefaultTextSize>
      <selectedIndex>-1</selectedIndex>
    </control>
    <control controlID="065DDD7C-C4C3-45F6-920B-E72EAE231920" controlTypeID="Line" x="3" y="52" w="368" h="1" zOrder="3">
      <color>4291611852</color>
      <font family="%E5%BE%AE%E8%BD%AF%E9%9B%85%E9%BB%91" displayName="%E5%BE%AE%E8%BD%AF%E9%9B%85%E9%BB%91" postScript="" weightStyle="Regular" weight="400" isBold="False" isItalic="False"/>
      <textColor>4291611852</textColor>
      <textSize>14</textSize>
      <lineSpacing>0</lineSpacing>
      <selectedIndex>-1</selectedIndex>
      <controlPoint>(184,0)</controlPoint>
      <startPoint>(0,0)</startPoint>
      <endPoint>(368,0)</endPoint>
    </control>
    <control controlID="AE5A71A6-60B3-4F66-9029-7D0A1C80474A" controlTypeID="Circle" x="57" y="113" w="247" h="255" zOrder="4">
      <font family="%E5%BE%AE%E8%BD%AF%E9%9B%85%E9%BB%91" displayName="%E5%BE%AE%E8%BD%AF%E9%9B%85%E9%BB%91" postScript="" weightStyle="Regular" weight="400" isBold="False" isItalic="False"/>
      <textSize>14</textSize>
      <selectedIndex>-1</selectedIndex>
      <shapeBorderType>SbEllipse</shapeBorderType>
    </control>
    <control controlID="BF9CCCE4-7BA3-4B95-B1B4-F32B5EBCF2F3" controlTypeID="Label" x="140" y="198" w="80" h="27" zOrder="5">
      <font family="%E5%BE%AE%E8%BD%AF%E9%9B%85%E9%BB%91" displayName="%E5%BE%AE%E8%BD%AF%E9%9B%85%E9%BB%91+Bold" postScript="" weightStyle="Bold" weight="700" isBold="True" isItalic="False"/>
      <text>%E5%AE%A1%E6%A0%B8%E9%80%9A%E8%BF%87</text>
      <textColor>4278242304</textColor>
      <textSize>20</textSize>
      <lineSpacing>0</lineSpacing>
      <textStyles>[fsBold]</textStyles>
      <useDefaultTextSize>False</useDefaultTextSize>
      <selectedIndex>-1</selectedIndex>
    </control>
    <control controlID="CF7D020F-B42B-49DC-899E-C359EFBE222C" controlTypeID="Label" x="131" y="243" w="112" h="19" zOrder="6">
      <font family="%E5%BE%AE%E8%BD%AF%E9%9B%85%E9%BB%91" displayName="%E5%BE%AE%E8%BD%AF%E9%9B%85%E9%BB%91" postScript="" weightStyle="Regular" weight="400" isBold="False" isItalic="False"/>
      <text>%E6%82%A8%E5%B7%B2%E5%AE%8C%E6%88%90%E5%AE%9E%E5%90%8D%E8%AE%A4%E8%AF%81</text>
      <lineSpacing>0</lineSpacing>
      <selectedIndex>-1</selectedIndex>
    </control>
  </controls>
  <param>
    <backgroundColor>4294967295</backgroundColor>
    <fontSize>0</fontSize>
    <fontFamily/>
    <guideLines/>
  </param>
</mockup>