﻿<mockup version="5.3" minAllowVersion="5.3" ID="E7A231C5-BA1F-4DA2-8FB7-5FC2F4749A23" platform="MtMobile" defaultW="375" defaultH="667" measureW="375" measureH="667" screenOrientation="MoPortrait" mobileScreenScale="1.77777779102325" clipArea="(0,0,0,0)">
  <controls controlCount="7">
    <control controlID="65E5F3B7-C010-4700-9AF7-D8F2D75AA52B" controlTypeID="StatusBar(IOS)" x="0" y="0" w="375" h="20" zOrder="0"/>
    <control controlID="0DBE7E01-FDED-4133-8D91-467301A23623" controlTypeID="Icon" x="11" y="21" w="24" h="24" zOrder="1">
      <color>4278242559</color>
      <icon>
        <ID/>
        <iconFontName>jdIonicons</iconFontName>
        <iconCode>62415</iconCode>
      </icon>
      <URL>D6859759E093AABA6D618DD6AA733504.svg</URL>
    </control>
    <control controlID="C2D253B6-2019-46CB-85EE-3D2A3EF77ADB" controlTypeID="Label" x="155" y="20" w="64" h="22" zOrder="2">
      <font family="%E5%BE%AE%E8%BD%AF%E9%9B%85%E9%BB%91" displayName="%E5%BE%AE%E8%BD%AF%E9%9B%85%E9%BB%91" postScript="" weightStyle="Regular" weight="400" isBold="False" isItalic="False"/>
      <text>%E8%A1%80%E5%8E%8B%E5%BD%95%E5%85%A5</text>
      <textColor>4278242559</textColor>
      <textSize>16</textSize>
      <lineSpacing>0</lineSpacing>
      <useDefaultTextSize>False</useDefaultTextSize>
      <selectedIndex>-1</selectedIndex>
    </control>
    <control controlID="2E8C98E3-39E9-4A2D-8B50-57CF8BB31A1A" controlTypeID="Line" x="3" y="49" w="368" h="1" zOrder="3">
      <color>4291611852</color>
      <font family="%E5%BE%AE%E8%BD%AF%E9%9B%85%E9%BB%91" displayName="%E5%BE%AE%E8%BD%AF%E9%9B%85%E9%BB%91" postScript="" weightStyle="Regular" weight="400" isBold="False" isItalic="False"/>
      <textColor>4291611852</textColor>
      <textSize>14</textSize>
      <lineSpacing>0</lineSpacing>
      <selectedIndex>-1</selectedIndex>
      <controlPoint>(184,0)</controlPoint>
      <startPoint>(0,0)</startPoint>
      <endPoint>(368,0)</endPoint>
    </control>
    <control controlID="8C38D8F7-F03E-404C-9931-4ADD1A638D47" controlTypeID="Label" x="309" y="23" w="56" h="19" zOrder="4">
      <font family="%E5%BE%AE%E8%BD%AF%E9%9B%85%E9%BB%91" displayName="%E5%BE%AE%E8%BD%AF%E9%9B%85%E9%BB%91" postScript="" weightStyle="Regular" weight="400" isBold="False" isItalic="False"/>
      <text>%E5%8E%86%E5%8F%B2%E8%AE%B0%E5%BD%95</text>
      <textColor>4288256409</textColor>
      <lineSpacing>0</lineSpacing>
      <selectedIndex>-1</selectedIndex>
    </control>
    <control controlID="D0587B68-BFBE-471E-B894-B9602D470BFA" controlTypeID="Image" x="3" y="49" w="372" h="216" zOrder="5">
      <URL>A09E49D7FECF81B167A8DA26F6DEB18B.png</URL>
    </control>
    <control controlID="B801FB31-35B8-421A-8ABB-04CFD2DCBED5" controlTypeID="Button" x="10" y="283" w="355" h="43" zOrder="6">
      <color>4278242559</color>
      <font family="%E5%BE%AE%E8%BD%AF%E9%9B%85%E9%BB%91" displayName="%E5%BE%AE%E8%BD%AF%E9%9B%85%E9%BB%91" postScript="" weightStyle="Regular" weight="400" isBold="False" isItalic="False"/>
      <text>%E4%BF%9D%E5%AD%98</text>
      <textColor>4294967295</textColor>
      <lineSpacing>0</lineSpacing>
      <selectedIndex>-1</selectedIndex>
    </control>
  </controls>
  <param>
    <backgroundColor>4294967295</backgroundColor>
    <fontSize>0</fontSize>
    <fontFamily/>
    <guideLines/>
  </param>
</mockup>