﻿<mockup version="5.3" minAllowVersion="5.3" ID="44BF06ED-553E-4C52-8501-C3B195EE1BF4" platform="MtMobile" defaultW="375" defaultH="667" measureW="375" measureH="667" screenOrientation="MoPortrait" mobileScreenScale="1.77777779102325" clipArea="(0,0,0,0)">
  <controls controlCount="16">
    <control controlID="65E5F3B7-C010-4700-9AF7-D8F2D75AA52B" controlTypeID="StatusBar(IOS)" x="0" y="0" w="375" h="20" zOrder="0"/>
    <control controlID="91E3313F-B280-4D63-B483-A1637358205F" controlTypeID="Icon" x="11" y="22" w="24" h="24" zOrder="1">
      <color>4278242559</color>
      <icon>
        <ID/>
        <iconFontName>jdIonicons</iconFontName>
        <iconCode>62415</iconCode>
      </icon>
      <URL>D6859759E093AABA6D618DD6AA733504.svg</URL>
    </control>
    <control controlID="BD2911B0-0457-42EE-A325-B4845B54D988" controlTypeID="Label" x="155" y="21" w="64" h="22" zOrder="2">
      <font family="%E5%BE%AE%E8%BD%AF%E9%9B%85%E9%BB%91" displayName="%E5%BE%AE%E8%BD%AF%E9%9B%85%E9%BB%91" postScript="" weightStyle="Regular" weight="400" isBold="False" isItalic="False"/>
      <text>%E5%81%A5%E5%BA%B7%E4%B8%AD%E5%BF%83</text>
      <textColor>4278242559</textColor>
      <textSize>16</textSize>
      <lineSpacing>0</lineSpacing>
      <useDefaultTextSize>False</useDefaultTextSize>
      <selectedIndex>-1</selectedIndex>
    </control>
    <control controlID="6D0B6DCB-A035-4442-A8E6-CE7F54CCE4A3" controlTypeID="Line" x="3" y="50" w="368" h="1" zOrder="3">
      <color>4291611852</color>
      <font family="%E5%BE%AE%E8%BD%AF%E9%9B%85%E9%BB%91" displayName="%E5%BE%AE%E8%BD%AF%E9%9B%85%E9%BB%91" postScript="" weightStyle="Regular" weight="400" isBold="False" isItalic="False"/>
      <textColor>4291611852</textColor>
      <textSize>14</textSize>
      <lineSpacing>0</lineSpacing>
      <selectedIndex>-1</selectedIndex>
      <controlPoint>(184,0)</controlPoint>
      <startPoint>(0,0)</startPoint>
      <endPoint>(368,0)</endPoint>
    </control>
    <control controlID="3DC7769E-A874-4324-8371-BC8CE6444262" controlTypeID="Image" x="3" y="50" w="274" h="295" zOrder="4">
      <URL>ABC57B5138E1EF9280266D2F20415582.jpg</URL>
    </control>
    <control controlID="CF5B85BD-481B-482C-8841-8D4D0350C3B2" controlTypeID="Icon" x="331" y="71" w="24" h="24" zOrder="5">
      <color>4278242559</color>
      <icon>
        <ID/>
        <iconFontName>jdIonicons</iconFontName>
        <iconCode>62417</iconCode>
      </icon>
      <URL>97D42F84AB1ACA7B3DB71E8D7DA90BF0.svg</URL>
    </control>
    <control controlID="90D49CD8-9B91-47FE-955D-BB18413832AF" controlTypeID="Icon" x="332" y="129" w="24" h="24" zOrder="6">
      <color>4278242559</color>
      <icon>
        <ID/>
        <iconFontName>jdIonicons</iconFontName>
        <iconCode>62417</iconCode>
      </icon>
      <URL>97D42F84AB1ACA7B3DB71E8D7DA90BF0.svg</URL>
    </control>
    <control controlID="3ED59CE3-B723-429B-8914-3377C18C1611" controlTypeID="Icon" x="331" y="184" w="24" h="24" zOrder="7">
      <color>4278242559</color>
      <icon>
        <ID/>
        <iconFontName>jdIonicons</iconFontName>
        <iconCode>62417</iconCode>
      </icon>
      <URL>97D42F84AB1ACA7B3DB71E8D7DA90BF0.svg</URL>
    </control>
    <control controlID="C4283A42-BD8A-45E1-BE3C-3ACACD6260A4" controlTypeID="Icon" x="331" y="243" w="24" h="24" zOrder="8">
      <color>4278242559</color>
      <icon>
        <ID/>
        <iconFontName>jdIonicons</iconFontName>
        <iconCode>62417</iconCode>
      </icon>
      <URL>97D42F84AB1ACA7B3DB71E8D7DA90BF0.svg</URL>
    </control>
    <control controlID="B8115A3C-1C22-4B67-8FF7-6F56171AAD1D" controlTypeID="Icon" x="331" y="306" w="24" h="24" zOrder="9">
      <color>4278242559</color>
      <icon>
        <ID/>
        <iconFontName>jdIonicons</iconFontName>
        <iconCode>62417</iconCode>
      </icon>
      <URL>97D42F84AB1ACA7B3DB71E8D7DA90BF0.svg</URL>
    </control>
    <control controlID="A171BC96-1270-44BD-8145-FC04764DE27A" controlTypeID="Icon" x="331" y="22" w="24" h="24" zOrder="10">
      <color>4278242559</color>
      <icon>
        <ID/>
        <iconFontName>jdIonicons</iconFontName>
        <iconCode>62199</iconCode>
      </icon>
      <URL>DED0E6A8242D8DE296EBCBE2FFA15EDA.svg</URL>
    </control>
    <control controlID="428B03CB-6B81-46E4-B87E-E1DA4B9073A6" controlTypeID="Line" x="2" y="344" w="373" h="1" zOrder="11">
      <color>4291611852</color>
      <font family="%E5%BE%AE%E8%BD%AF%E9%9B%85%E9%BB%91" displayName="%E5%BE%AE%E8%BD%AF%E9%9B%85%E9%BB%91" postScript="" weightStyle="Regular" weight="400" isBold="False" isItalic="False"/>
      <textSize>14</textSize>
      <lineSpacing>0</lineSpacing>
      <selectedIndex>-1</selectedIndex>
      <controlPoint>(186,0)</controlPoint>
      <startPoint>(0,0)</startPoint>
      <endPoint>(373,0)</endPoint>
    </control>
    <control controlID="9D056E65-370F-4AD2-9354-B47EFABC2D4C" controlTypeID="Line" x="2" y="285" w="373" h="1" zOrder="12">
      <color>4291611852</color>
      <font family="%E5%BE%AE%E8%BD%AF%E9%9B%85%E9%BB%91" displayName="%E5%BE%AE%E8%BD%AF%E9%9B%85%E9%BB%91" postScript="" weightStyle="Regular" weight="400" isBold="False" isItalic="False"/>
      <textSize>14</textSize>
      <lineSpacing>0</lineSpacing>
      <selectedIndex>-1</selectedIndex>
      <controlPoint>(186,0)</controlPoint>
      <startPoint>(0,0)</startPoint>
      <endPoint>(373,0)</endPoint>
    </control>
    <control controlID="C1AC4423-2B85-4849-92BD-EBDA78585376" controlTypeID="Line" x="1" y="229" w="373" h="1" zOrder="13">
      <color>4291611852</color>
      <font family="%E5%BE%AE%E8%BD%AF%E9%9B%85%E9%BB%91" displayName="%E5%BE%AE%E8%BD%AF%E9%9B%85%E9%BB%91" postScript="" weightStyle="Regular" weight="400" isBold="False" isItalic="False"/>
      <textSize>14</textSize>
      <lineSpacing>0</lineSpacing>
      <selectedIndex>-1</selectedIndex>
      <controlPoint>(186,0)</controlPoint>
      <startPoint>(0,0)</startPoint>
      <endPoint>(373,0)</endPoint>
    </control>
    <control controlID="8147B388-D382-45E7-B917-8E2C766880D4" controlTypeID="Line" x="1" y="166" w="373" h="1" zOrder="14">
      <color>4291611852</color>
      <font family="%E5%BE%AE%E8%BD%AF%E9%9B%85%E9%BB%91" displayName="%E5%BE%AE%E8%BD%AF%E9%9B%85%E9%BB%91" postScript="" weightStyle="Regular" weight="400" isBold="False" isItalic="False"/>
      <textSize>14</textSize>
      <lineSpacing>0</lineSpacing>
      <selectedIndex>-1</selectedIndex>
      <controlPoint>(186,0)</controlPoint>
      <startPoint>(0,0)</startPoint>
      <endPoint>(373,0)</endPoint>
    </control>
    <control controlID="717B8005-A192-4D0D-87A5-53558C4C5C00" controlTypeID="Line" x="1" y="113" w="373" h="1" zOrder="15">
      <color>4291611852</color>
      <font family="%E5%BE%AE%E8%BD%AF%E9%9B%85%E9%BB%91" displayName="%E5%BE%AE%E8%BD%AF%E9%9B%85%E9%BB%91" postScript="" weightStyle="Regular" weight="400" isBold="False" isItalic="False"/>
      <textSize>14</textSize>
      <lineSpacing>0</lineSpacing>
      <selectedIndex>-1</selectedIndex>
      <controlPoint>(186,0)</controlPoint>
      <startPoint>(0,0)</startPoint>
      <endPoint>(373,0)</endPoint>
    </control>
  </controls>
  <param>
    <backgroundColor>4294967295</backgroundColor>
    <fontSize>0</fontSize>
    <fontFamily/>
    <guideLines/>
  </param>
</mockup>