﻿<mockup version="5.3" minAllowVersion="5.3" ID="D6A5DB68-0107-4349-895B-AF2478230BEF" platform="MtMobile" defaultW="375" defaultH="667" measureW="375" measureH="667" screenOrientation="MoPortrait" mobileScreenScale="1.77777779102325" clipArea="(0,0,0,0)">
  <controls controlCount="22">
    <control controlID="65E5F3B7-C010-4700-9AF7-D8F2D75AA52B" controlTypeID="StatusBar(IOS)" x="0" y="0" w="375" h="20" zOrder="0"/>
    <control controlID="30B632F6-5045-45A1-969C-76EBB7BA063C" controlTypeID="Icon" x="11" y="21" w="24" h="24" zOrder="1">
      <color>4278242559</color>
      <links eventType="AtClick" animate="AmNone" animateAutoDelay="0" animateDuration="500">
        <link targetPageID="D6A5DB68-0107-4349-895B-AF2478230BEF" linkType="ltPageLink" isApplyIncludePage="False" title="%E9%A2%84%E7%BA%A6%E7%AE%A1%E7%90%86">
          <area shape="0" alt="" ID="{95C0FA7F-D3FE-4214-96DC-B45CFD831782}" coords="(0,0,24,24)"/>
        </link>
      </links>
      <icon>
        <ID/>
        <iconFontName>jdIonicons</iconFontName>
        <iconCode>62415</iconCode>
      </icon>
      <URL>D6859759E093AABA6D618DD6AA733504.svg</URL>
    </control>
    <control controlID="2AA02F88-B7C0-445D-98FE-DF87358708A7" controlTypeID="Label" x="156" y="22" w="64" h="22" zOrder="2">
      <font family="%E5%BE%AE%E8%BD%AF%E9%9B%85%E9%BB%91" displayName="%E5%BE%AE%E8%BD%AF%E9%9B%85%E9%BB%91" postScript="" weightStyle="Regular" weight="400" isBold="False" isItalic="False"/>
      <text>%E9%A2%84%E7%BA%A6%E7%AE%A1%E7%90%86</text>
      <textColor>4278242559</textColor>
      <textSize>16</textSize>
      <lineSpacing>0</lineSpacing>
      <useDefaultTextSize>False</useDefaultTextSize>
      <selectedIndex>-1</selectedIndex>
    </control>
    <control controlID="137A9D2C-CB11-4F3D-BC46-C38CF93F5849" controlTypeID="Line" x="3" y="49" w="368" h="1" zOrder="3">
      <color>4291611852</color>
      <font family="%E5%BE%AE%E8%BD%AF%E9%9B%85%E9%BB%91" displayName="%E5%BE%AE%E8%BD%AF%E9%9B%85%E9%BB%91" postScript="" weightStyle="Regular" weight="400" isBold="False" isItalic="False"/>
      <textColor>4291611852</textColor>
      <textSize>14</textSize>
      <lineSpacing>0</lineSpacing>
      <selectedIndex>-1</selectedIndex>
      <controlPoint>(184,0)</controlPoint>
      <startPoint>(0,0)</startPoint>
      <endPoint>(368,0)</endPoint>
    </control>
    <control controlID="D0B4CA04-316C-4B0B-8DF7-C4DA4CC92CB7" controlTypeID="Line" x="3" y="49" w="368" h="1" zOrder="4">
      <color>4291611852</color>
      <font family="%E5%BE%AE%E8%BD%AF%E9%9B%85%E9%BB%91" displayName="%E5%BE%AE%E8%BD%AF%E9%9B%85%E9%BB%91" postScript="" weightStyle="Regular" weight="400" isBold="False" isItalic="False"/>
      <textColor>4291611852</textColor>
      <textSize>14</textSize>
      <lineSpacing>0</lineSpacing>
      <selectedIndex>-1</selectedIndex>
      <controlPoint>(184,0)</controlPoint>
      <startPoint>(0,0)</startPoint>
      <endPoint>(368,0)</endPoint>
    </control>
    <control controlID="22528394-E67D-4419-B24A-0735CDC9C5E7" controlTypeID="Label" x="76" y="53" w="55" h="19" zOrder="5">
      <links eventType="AtClick" animate="AmNone" animateAutoDelay="0" animateDuration="500">
        <link targetPageID="D6A5DB68-0107-4349-895B-AF2478230BEF" linkType="ltPageLink" isApplyIncludePage="False" title="%E9%A2%84%E7%BA%A6%E7%AE%A1%E7%90%86">
          <area shape="0" alt="" ID="{4E2FDAC0-1CCC-44C8-A282-93CBE3BB6CA2}" coords="(0,0,55,19)"/>
        </link>
      </links>
      <font family="%E5%BE%AE%E8%BD%AF%E9%9B%85%E9%BB%91" displayName="%E5%BE%AE%E8%BD%AF%E9%9B%85%E9%BB%91" postScript="" weightStyle="Regular" weight="400" isBold="False" isItalic="False"/>
      <text>%E7%94%B5%E8%AF%9D%E9%A2%84%E7%BA%A6</text>
      <lineSpacing>0</lineSpacing>
      <selectedIndex>-1</selectedIndex>
    </control>
    <control controlID="F6515321-0514-4B7A-85B5-127F5B6F335C" controlTypeID="Label" x="274" y="54" w="55" h="19" zOrder="6">
      <font family="%E5%BE%AE%E8%BD%AF%E9%9B%85%E9%BB%91" displayName="%E5%BE%AE%E8%BD%AF%E9%9B%85%E9%BB%91" postScript="" weightStyle="Regular" weight="400" isBold="False" isItalic="False"/>
      <text>%E7%BD%91%E4%B8%8A%E9%A2%84%E7%BA%A6</text>
      <textColor>4278242559</textColor>
      <lineSpacing>0</lineSpacing>
      <selectedIndex>-1</selectedIndex>
    </control>
    <control controlID="98E710AE-156E-43D3-A132-D11B19B8963B" controlTypeID="Line" x="187" y="52" w="1" h="22" zOrder="7">
      <font family="%E5%BE%AE%E8%BD%AF%E9%9B%85%E9%BB%91" displayName="%E5%BE%AE%E8%BD%AF%E9%9B%85%E9%BB%91" postScript="" weightStyle="Regular" weight="400" isBold="False" isItalic="False"/>
      <textSize>14</textSize>
      <lineSpacing>0</lineSpacing>
      <selectedIndex>-1</selectedIndex>
      <controlPoint>(0,11)</controlPoint>
      <startPoint>(0,0)</startPoint>
      <endPoint>(0,22)</endPoint>
    </control>
    <control controlID="63A0808B-9359-4D80-8E5B-B2535F0B60AF" controlTypeID="Line" x="1" y="79" w="372" h="1" zOrder="8">
      <color>4291611852</color>
      <font family="%E5%BE%AE%E8%BD%AF%E9%9B%85%E9%BB%91" displayName="%E5%BE%AE%E8%BD%AF%E9%9B%85%E9%BB%91" postScript="" weightStyle="Regular" weight="400" isBold="False" isItalic="False"/>
      <textSize>14</textSize>
      <lineSpacing>0</lineSpacing>
      <selectedIndex>-1</selectedIndex>
      <controlPoint>(186,0)</controlPoint>
      <startPoint>(1,0)</startPoint>
      <endPoint>(372,0)</endPoint>
    </control>
    <control controlID="E9C023A8-D2FB-4A5F-BDD7-467BC5E382AC" controlTypeID="Line" x="2" y="80" w="368" h="1" zOrder="9">
      <color>4291611852</color>
      <font family="%E5%BE%AE%E8%BD%AF%E9%9B%85%E9%BB%91" displayName="%E5%BE%AE%E8%BD%AF%E9%9B%85%E9%BB%91" postScript="" weightStyle="Regular" weight="400" isBold="False" isItalic="False"/>
      <textColor>4291611852</textColor>
      <textSize>14</textSize>
      <lineSpacing>0</lineSpacing>
      <selectedIndex>-1</selectedIndex>
      <controlPoint>(184,0)</controlPoint>
      <startPoint>(0,0)</startPoint>
      <endPoint>(368,0)</endPoint>
    </control>
    <control controlID="E1B4A600-A541-4D59-8025-23F26AD4BDDF" controlTypeID="Image" x="2" y="80" w="274" h="295" zOrder="10">
      <URL>ABC57B5138E1EF9280266D2F20415582.jpg</URL>
    </control>
    <control controlID="C599C103-EF48-4C30-AC6C-E3A51E5A00C1" controlTypeID="Line" x="1" y="374" w="373" h="1" zOrder="11">
      <color>4291611852</color>
      <font family="%E5%BE%AE%E8%BD%AF%E9%9B%85%E9%BB%91" displayName="%E5%BE%AE%E8%BD%AF%E9%9B%85%E9%BB%91" postScript="" weightStyle="Regular" weight="400" isBold="False" isItalic="False"/>
      <textSize>14</textSize>
      <lineSpacing>0</lineSpacing>
      <selectedIndex>-1</selectedIndex>
      <controlPoint>(186,0)</controlPoint>
      <startPoint>(0,0)</startPoint>
      <endPoint>(373,0)</endPoint>
    </control>
    <control controlID="2156C03C-BC11-471A-9F4D-BD534287C1A7" controlTypeID="Line" x="1" y="315" w="373" h="1" zOrder="12">
      <color>4291611852</color>
      <font family="%E5%BE%AE%E8%BD%AF%E9%9B%85%E9%BB%91" displayName="%E5%BE%AE%E8%BD%AF%E9%9B%85%E9%BB%91" postScript="" weightStyle="Regular" weight="400" isBold="False" isItalic="False"/>
      <textSize>14</textSize>
      <lineSpacing>0</lineSpacing>
      <selectedIndex>-1</selectedIndex>
      <controlPoint>(186,0)</controlPoint>
      <startPoint>(0,0)</startPoint>
      <endPoint>(373,0)</endPoint>
    </control>
    <control controlID="D5D302D6-F35F-4B68-86B0-E75188FCE1A5" controlTypeID="Line" x="0" y="259" w="373" h="1" zOrder="13">
      <color>4291611852</color>
      <font family="%E5%BE%AE%E8%BD%AF%E9%9B%85%E9%BB%91" displayName="%E5%BE%AE%E8%BD%AF%E9%9B%85%E9%BB%91" postScript="" weightStyle="Regular" weight="400" isBold="False" isItalic="False"/>
      <textSize>14</textSize>
      <lineSpacing>0</lineSpacing>
      <selectedIndex>-1</selectedIndex>
      <controlPoint>(186,0)</controlPoint>
      <startPoint>(0,0)</startPoint>
      <endPoint>(373,0)</endPoint>
    </control>
    <control controlID="0C51CD77-1115-4337-B2C3-A2637729B036" controlTypeID="Line" x="0" y="196" w="373" h="1" zOrder="14">
      <color>4291611852</color>
      <font family="%E5%BE%AE%E8%BD%AF%E9%9B%85%E9%BB%91" displayName="%E5%BE%AE%E8%BD%AF%E9%9B%85%E9%BB%91" postScript="" weightStyle="Regular" weight="400" isBold="False" isItalic="False"/>
      <textSize>14</textSize>
      <lineSpacing>0</lineSpacing>
      <selectedIndex>-1</selectedIndex>
      <controlPoint>(186,0)</controlPoint>
      <startPoint>(0,0)</startPoint>
      <endPoint>(373,0)</endPoint>
    </control>
    <control controlID="24304CD4-4D39-4CE2-9B5A-0A623B924B78" controlTypeID="Line" x="0" y="143" w="373" h="1" zOrder="15">
      <color>4291611852</color>
      <font family="%E5%BE%AE%E8%BD%AF%E9%9B%85%E9%BB%91" displayName="%E5%BE%AE%E8%BD%AF%E9%9B%85%E9%BB%91" postScript="" weightStyle="Regular" weight="400" isBold="False" isItalic="False"/>
      <textSize>14</textSize>
      <lineSpacing>0</lineSpacing>
      <selectedIndex>-1</selectedIndex>
      <controlPoint>(186,0)</controlPoint>
      <startPoint>(0,0)</startPoint>
      <endPoint>(373,0)</endPoint>
    </control>
    <control controlID="F8579D2C-3ED3-4B3B-B462-94EB9A925322" controlTypeID="Icon" x="337" y="104" w="24" h="24" zOrder="16">
      <color>4278242559</color>
      <icon>
        <ID/>
        <iconFontName>jdFontAwesome</iconFontName>
        <iconCode>61842</iconCode>
      </icon>
      <URL>EAAE060698E4C4AC28EB9344979D0B80.svg</URL>
    </control>
    <control controlID="2D86E4A6-51BE-4EDF-A13A-4F4053860D9A" controlTypeID="Icon" x="337" y="162" w="24" h="24" zOrder="17">
      <color>4278242559</color>
      <icon>
        <ID/>
        <iconFontName>jdFontAwesome</iconFontName>
        <iconCode>61842</iconCode>
      </icon>
      <URL>EAAE060698E4C4AC28EB9344979D0B80.svg</URL>
    </control>
    <control controlID="CC760AE5-461A-461D-BF10-9D0673399580" controlTypeID="Icon" x="337" y="218" w="24" h="24" zOrder="18">
      <color>4278242559</color>
      <icon>
        <ID/>
        <iconFontName>jdFontAwesome</iconFontName>
        <iconCode>61842</iconCode>
      </icon>
      <URL>EAAE060698E4C4AC28EB9344979D0B80.svg</URL>
    </control>
    <control controlID="1E4C0224-4B24-4ADF-8CA1-E07AAC704812" controlTypeID="Icon" x="337" y="270" w="24" h="24" zOrder="19">
      <color>4278242559</color>
      <icon>
        <ID/>
        <iconFontName>jdFontAwesome</iconFontName>
        <iconCode>61842</iconCode>
      </icon>
      <URL>EAAE060698E4C4AC28EB9344979D0B80.svg</URL>
    </control>
    <control controlID="464EE34A-44EB-4282-BD2F-8730BA2CD6DD" controlTypeID="Icon" x="337" y="333" w="24" h="24" zOrder="20">
      <color>4278242559</color>
      <icon>
        <ID/>
        <iconFontName>jdFontAwesome</iconFontName>
        <iconCode>61842</iconCode>
      </icon>
      <URL>EAAE060698E4C4AC28EB9344979D0B80.svg</URL>
    </control>
    <control controlID="BB3C951A-841B-463E-8918-BC9D07F49CFF" controlTypeID="Button" x="11" y="499" w="345" h="53" zOrder="21">
      <color>4278242559</color>
      <links eventType="AtClick" animate="AmNone" animateAutoDelay="0" animateDuration="500">
        <link targetPageID="4179CDB0-14E9-48A5-8620-9096B7210871" linkType="ltPageLink" isApplyIncludePage="False" title="%E9%A2%84%E7%BA%A6-%E5%AE%A1%E6%A0%B8%E4%B8%AD">
          <area shape="0" alt="" ID="{6B5C034A-718A-47DF-8211-A5FEC992B5A3}" coords="(0,0,345,53)"/>
        </link>
      </links>
      <font family="%E5%BE%AE%E8%BD%AF%E9%9B%85%E9%BB%91" displayName="%E5%BE%AE%E8%BD%AF%E9%9B%85%E9%BB%91" postScript="" weightStyle="Regular" weight="400" isBold="False" isItalic="False"/>
      <text>%E7%AB%8B%E5%8D%B3%E9%A2%84%E7%BA%A6</text>
      <textColor>4294967295</textColor>
      <lineSpacing>0</lineSpacing>
      <selectedIndex>-1</selectedIndex>
    </control>
  </controls>
  <param>
    <backgroundColor>4294967295</backgroundColor>
    <fontSize>0</fontSize>
    <fontFamily/>
    <guideLines/>
  </param>
</mockup>