﻿<mockup version="5.3" minAllowVersion="5.3" ID="945DE647-CAE6-462B-AC97-F4F62C958B67" platform="MtMobile" defaultW="375" defaultH="667" measureW="375" measureH="667" screenOrientation="MoPortrait" mobileScreenScale="1.77777779102325">
  <controls controlCount="15">
    <control controlID="DDF7177F-3B4F-465F-8402-06814831BA29" controlTypeID="Icon" x="12" y="5" w="24" h="24" zOrder="0">
      <color>4278242559</color>
      <icon>
        <ID/>
        <iconFontName>jdIonicons</iconFontName>
        <iconCode>62415</iconCode>
      </icon>
      <URL>D6859759E093AABA6D618DD6AA733504.svg</URL>
    </control>
    <control controlID="0822B598-6001-4CD4-AA8F-4CC7201E8645" controlTypeID="Label" x="156" y="6" w="63" h="22" zOrder="1">
      <font family="%E5%BE%AE%E8%BD%AF%E9%9B%85%E9%BB%91" displayName="%E5%BE%AE%E8%BD%AF%E9%9B%85%E9%BB%91" postScript="" weightStyle="Regular" weight="400" isBold="False" isItalic="False"/>
      <text>%E5%BF%98%E8%AE%B0%E5%AF%86%E7%A0%81</text>
      <textColor>4278242559</textColor>
      <textSize>16</textSize>
      <lineSpacing>0</lineSpacing>
      <useDefaultTextSize>False</useDefaultTextSize>
      <selectedIndex>-1</selectedIndex>
    </control>
    <control controlID="3BC3A601-9CF1-47D9-8826-4D264388DBFE" controlTypeID="Line" x="4" y="35" w="368" h="1" zOrder="2">
      <color>4291611852</color>
      <font family="%E5%BE%AE%E8%BD%AF%E9%9B%85%E9%BB%91" displayName="%E5%BE%AE%E8%BD%AF%E9%9B%85%E9%BB%91" postScript="" weightStyle="Regular" weight="400" isBold="False" isItalic="False"/>
      <textColor>4291611852</textColor>
      <textSize>14</textSize>
      <lineSpacing>0</lineSpacing>
      <selectedIndex>-1</selectedIndex>
      <controlPoint>(184,0)</controlPoint>
      <startPoint>(0,0)</startPoint>
      <endPoint>(368,0)</endPoint>
    </control>
    <control controlID="50513204-2165-4DFC-8A8D-D262BD52455C" controlTypeID="Label" x="12" y="46" w="42" h="19" zOrder="3">
      <font family="%E5%BE%AE%E8%BD%AF%E9%9B%85%E9%BB%91" displayName="%E5%BE%AE%E8%BD%AF%E9%9B%85%E9%BB%91" postScript="" weightStyle="Regular" weight="400" isBold="False" isItalic="False"/>
      <text>%E6%89%8B%E6%9C%BA%E5%8F%B7</text>
      <lineSpacing>0</lineSpacing>
      <selectedIndex>-1</selectedIndex>
    </control>
    <control controlID="36280BD2-C1A6-49AB-BA79-B7A87227A852" controlTypeID="Label" x="13" y="75" w="41" h="19" zOrder="4">
      <font family="%E5%BE%AE%E8%BD%AF%E9%9B%85%E9%BB%91" displayName="%E5%BE%AE%E8%BD%AF%E9%9B%85%E9%BB%91" postScript="" weightStyle="Regular" weight="400" isBold="False" isItalic="False"/>
      <text>%E9%AA%8C%E8%AF%81%E7%A0%81</text>
      <lineSpacing>0</lineSpacing>
      <selectedIndex>-1</selectedIndex>
    </control>
    <control controlID="15767E09-F5EA-4313-88D7-9064D5DD996B" controlTypeID="Label" x="13" y="104" w="41" h="19" zOrder="5">
      <font family="%E5%BE%AE%E8%BD%AF%E9%9B%85%E9%BB%91" displayName="%E5%BE%AE%E8%BD%AF%E9%9B%85%E9%BB%91" postScript="" weightStyle="Regular" weight="400" isBold="False" isItalic="False"/>
      <text>%E6%96%B0%E5%AF%86%E7%A0%81</text>
      <lineSpacing>0</lineSpacing>
      <selectedIndex>-1</selectedIndex>
    </control>
    <control controlID="71786439-135C-4866-B7EE-D0BC6BBCAFBD" controlTypeID="Label" x="13" y="133" w="55" h="19" zOrder="6">
      <font family="%E5%BE%AE%E8%BD%AF%E9%9B%85%E9%BB%91" displayName="%E5%BE%AE%E8%BD%AF%E9%9B%85%E9%BB%91" postScript="" weightStyle="Regular" weight="400" isBold="False" isItalic="False"/>
      <text>%E7%A1%AE%E8%AE%A4%E5%AF%86%E7%A0%81</text>
      <lineSpacing>0</lineSpacing>
      <selectedIndex>-1</selectedIndex>
    </control>
    <control controlID="A6A039FC-7C03-40B3-97D7-D99B8149CF96" controlTypeID="Label" x="107" y="46" w="84" h="19" zOrder="7">
      <font family="%E5%BE%AE%E8%BD%AF%E9%9B%85%E9%BB%91" displayName="%E5%BE%AE%E8%BD%AF%E9%9B%85%E9%BB%91" postScript="" weightStyle="Regular" weight="400" isBold="False" isItalic="False"/>
      <text>%E8%AF%B7%E8%BE%93%E5%85%A5%E6%89%8B%E6%9C%BA%E5%8F%B7</text>
      <textColor>4291611852</textColor>
      <lineSpacing>0</lineSpacing>
      <selectedIndex>-1</selectedIndex>
    </control>
    <control controlID="66D18784-D636-4871-AF74-3D6380BCFEC3" controlTypeID="Label" x="107" y="75" w="83" h="19" zOrder="8">
      <font family="%E5%BE%AE%E8%BD%AF%E9%9B%85%E9%BB%91" displayName="%E5%BE%AE%E8%BD%AF%E9%9B%85%E9%BB%91" postScript="" weightStyle="Regular" weight="400" isBold="False" isItalic="False"/>
      <text>%E8%AF%B7%E8%BE%93%E5%85%A5%E9%AA%8C%E8%AF%81%E7%A0%81</text>
      <textColor>4291611852</textColor>
      <lineSpacing>0</lineSpacing>
      <selectedIndex>-1</selectedIndex>
    </control>
    <control controlID="B36F628B-6918-4552-B34E-F9A8645F4494" controlTypeID="Label" x="106" y="104" w="83" h="19" zOrder="9">
      <font family="%E5%BE%AE%E8%BD%AF%E9%9B%85%E9%BB%91" displayName="%E5%BE%AE%E8%BD%AF%E9%9B%85%E9%BB%91" postScript="" weightStyle="Regular" weight="400" isBold="False" isItalic="False"/>
      <text>%E8%AF%B7%E8%AE%BE%E7%BD%AE%E6%96%B0%E5%AF%86%E7%A0%81</text>
      <textColor>4291611852</textColor>
      <lineSpacing>0</lineSpacing>
      <selectedIndex>-1</selectedIndex>
    </control>
    <control controlID="0A804A55-9DF5-4F50-9D1C-94B3FF6C6B59" controlTypeID="Label" x="106" y="133" w="83" h="19" zOrder="10">
      <font family="%E5%BE%AE%E8%BD%AF%E9%9B%85%E9%BB%91" displayName="%E5%BE%AE%E8%BD%AF%E9%9B%85%E9%BB%91" postScript="" weightStyle="Regular" weight="400" isBold="False" isItalic="False"/>
      <text>%E8%AF%B7%E7%A1%AE%E8%AE%A4%E6%96%B0%E5%AF%86%E7%A0%81</text>
      <textColor>4291611852</textColor>
      <lineSpacing>0</lineSpacing>
      <selectedIndex>-1</selectedIndex>
    </control>
    <control controlID="E8BFF9E4-6116-466E-875B-B39336CB5307" controlTypeID="Button" x="299" y="42" w="66" h="27" zOrder="11">
      <color>4291611852</color>
      <borderVisible>False</borderVisible>
      <font family="%E5%BE%AE%E8%BD%AF%E9%9B%85%E9%BB%91" displayName="%E5%BE%AE%E8%BD%AF%E9%9B%85%E9%BB%91" postScript="" weightStyle="Regular" weight="400" isBold="False" isItalic="False"/>
      <text>%E8%8E%B7%E5%8F%96%E9%AA%8C%E8%AF%81%E7%A0%81</text>
      <textColor>4288256409</textColor>
      <textSize>12</textSize>
      <lineSpacing>0</lineSpacing>
      <useDefaultTextSize>False</useDefaultTextSize>
      <selectedIndex>-1</selectedIndex>
    </control>
    <control controlID="975D4681-E772-4467-8215-64561AE93064" controlTypeID="Shape" x="0" y="171" w="375" h="496" zOrder="12">
      <color>1305267404</color>
      <font family="%E5%BE%AE%E8%BD%AF%E9%9B%85%E9%BB%91" displayName="%E5%BE%AE%E8%BD%AF%E9%9B%85%E9%BB%91" postScript="" weightStyle="Regular" weight="400" isBold="False" isItalic="False"/>
      <textSize>14</textSize>
      <selectedIndex>-1</selectedIndex>
    </control>
    <control controlID="0FE55F90-1540-419E-8BD5-7FF13251670C" controlTypeID="Button" x="10" y="192" w="355" h="48" zOrder="13">
      <color>4278242559</color>
      <font family="%E5%BE%AE%E8%BD%AF%E9%9B%85%E9%BB%91" displayName="%E5%BE%AE%E8%BD%AF%E9%9B%85%E9%BB%91" postScript="" weightStyle="Regular" weight="400" isBold="False" isItalic="False"/>
      <text>%E7%A1%AE%E5%AE%9A</text>
      <textColor>4294967295</textColor>
      <lineSpacing>0</lineSpacing>
      <selectedIndex>-1</selectedIndex>
    </control>
    <control controlID="4AE7A0CE-A715-4795-9951-7E4E1FC36737" controlTypeID="Label" x="128" y="250" w="119" h="19" zOrder="14">
      <font family="%E5%BE%AE%E8%BD%AF%E9%9B%85%E9%BB%91" displayName="%E5%BE%AE%E8%BD%AF%E9%9B%85%E9%BB%91" postScript="" weightStyle="Regular" weight="400" isBold="False" isItalic="False"/>
      <text>%E6%94%B6%E4%B8%8D%E5%88%B0%E7%9F%AD%E4%BF%A1%E9%AA%8C%E8%AF%81%E7%A0%81%EF%BC%9F</text>
      <textColor>4278242559</textColor>
      <lineSpacing>0</lineSpacing>
      <selectedIndex>-1</selectedIndex>
    </control>
  </controls>
  <param>
    <backgroundColor>4294967295</backgroundColor>
    <fontSize>0</fontSize>
    <fontFamily/>
    <guideLines/>
  </param>
</mockup>