﻿<mockup version="5.3" minAllowVersion="5.3" ID="A217E36C-C2B5-42BA-BF15-8FB8F8B1CAFD" platform="MtMobile" defaultW="375" defaultH="667" measureW="375" measureH="667" screenOrientation="MoPortrait" mobileScreenScale="1.77777779102325" clipArea="(0,0,0,0)">
  <controls controlCount="5">
    <control controlID="65E5F3B7-C010-4700-9AF7-D8F2D75AA52B" controlTypeID="StatusBar(IOS)" x="0" y="0" w="375" h="20" zOrder="0"/>
    <control controlID="EF3C1BC7-4DFF-4A04-B549-5E569252CB48" controlTypeID="Icon" x="11" y="21" w="24" h="24" zOrder="1">
      <color>4278242559</color>
      <icon>
        <ID/>
        <iconFontName>jdIonicons</iconFontName>
        <iconCode>62415</iconCode>
      </icon>
      <URL>D6859759E093AABA6D618DD6AA733504.svg</URL>
    </control>
    <control controlID="EAD3346F-3124-4933-A92F-0BF374A8DF72" controlTypeID="Label" x="155" y="20" w="64" h="22" zOrder="2">
      <font family="%E5%BE%AE%E8%BD%AF%E9%9B%85%E9%BB%91" displayName="%E5%BE%AE%E8%BD%AF%E9%9B%85%E9%BB%91" postScript="" weightStyle="Regular" weight="400" isBold="False" isItalic="False"/>
      <text>%E6%85%A2%E7%97%85%E7%99%BE%E7%A7%91</text>
      <textColor>4278242559</textColor>
      <textSize>16</textSize>
      <lineSpacing>0</lineSpacing>
      <useDefaultTextSize>False</useDefaultTextSize>
      <selectedIndex>-1</selectedIndex>
    </control>
    <control controlID="ADE8601D-A2BE-4DEF-AFB8-E7AAB3200DAF" controlTypeID="Line" x="3" y="49" w="368" h="1" zOrder="3">
      <color>4291611852</color>
      <font family="%E5%BE%AE%E8%BD%AF%E9%9B%85%E9%BB%91" displayName="%E5%BE%AE%E8%BD%AF%E9%9B%85%E9%BB%91" postScript="" weightStyle="Regular" weight="400" isBold="False" isItalic="False"/>
      <textColor>4291611852</textColor>
      <textSize>14</textSize>
      <lineSpacing>0</lineSpacing>
      <selectedIndex>-1</selectedIndex>
      <controlPoint>(184,0)</controlPoint>
      <startPoint>(0,0)</startPoint>
      <endPoint>(368,0)</endPoint>
    </control>
    <control controlID="5C059011-DEC2-40D4-9B9C-5E4B4219FFE3" controlTypeID="Image" x="0" y="49" w="375" h="618" zOrder="4">
      <links eventType="AtClick" animate="AmNone" animateAutoDelay="0" animateDuration="500">
        <link targetPageID="A883DA85-7F0C-432D-B93C-8BA0169F721C" linkType="ltPageLink" isApplyIncludePage="False" title="%E5%9B%BE%E6%96%87%E8%AF%A6%E6%83%85%E9%A1%B5">
          <area shape="0" alt="" ID="{4CD96339-2A8A-46A2-9406-31148E6D59C2}" coords="(0,0,375,618)"/>
        </link>
      </links>
      <URL>54C75C1122256F91522B1BA5FE667E36.jpg</URL>
    </control>
  </controls>
  <param>
    <backgroundColor>4294967295</backgroundColor>
    <fontSize>0</fontSize>
    <fontFamily/>
    <guideLines/>
  </param>
</mockup>