﻿<mockup version="5.3" minAllowVersion="5.3" ID="A883DA85-7F0C-432D-B93C-8BA0169F721C" platform="MtMobile" defaultW="375" defaultH="667" measureW="375" measureH="667" screenOrientation="MoPortrait" mobileScreenScale="1.77777779102325" clipArea="(0,0,0,0)">
  <controls controlCount="9">
    <control controlID="B8BF1B85-1181-4695-8C60-B804FBE9A9F7" controlTypeID="Shape" x="0" y="19" w="375" h="32" zOrder="0">
      <color>4278242559</color>
      <font family="%E5%BE%AE%E8%BD%AF%E9%9B%85%E9%BB%91" displayName="%E5%BE%AE%E8%BD%AF%E9%9B%85%E9%BB%91" postScript="" weightStyle="Regular" weight="400" isBold="False" isItalic="False"/>
      <textSize>14</textSize>
      <selectedIndex>-1</selectedIndex>
    </control>
    <control controlID="65E5F3B7-C010-4700-9AF7-D8F2D75AA52B" controlTypeID="StatusBar(IOS)" x="0" y="0" w="375" h="20" zOrder="1"/>
    <control controlID="DC413315-13AC-4D53-A354-FCAB6D3AAC6A" controlTypeID="Icon" x="12" y="21" w="24" h="24" zOrder="2">
      <color>4294967295</color>
      <icon>
        <ID/>
        <iconFontName>jdIonicons</iconFontName>
        <iconCode>62415</iconCode>
      </icon>
      <URL>D6859759E093AABA6D618DD6AA733504.svg</URL>
    </control>
    <control controlID="4B52B872-8ABA-4C88-860A-FBA26EEF4317" controlTypeID="Label" x="156" y="22" w="64" h="22" zOrder="3">
      <font family="%E5%BE%AE%E8%BD%AF%E9%9B%85%E9%BB%91" displayName="%E5%BE%AE%E8%BD%AF%E9%9B%85%E9%BB%91" postScript="" weightStyle="Regular" weight="400" isBold="False" isItalic="False"/>
      <text>%E6%96%87%E7%AB%A0%E8%AF%A6%E6%83%85</text>
      <textColor>4294967295</textColor>
      <textSize>16</textSize>
      <lineSpacing>0</lineSpacing>
      <useDefaultTextSize>False</useDefaultTextSize>
      <selectedIndex>-1</selectedIndex>
    </control>
    <control controlID="589B4F9C-C9BB-4D2B-8B77-F48AD3F26913" controlTypeID="Line" x="4" y="51" w="368" h="1" zOrder="4">
      <color>4291611852</color>
      <font family="%E5%BE%AE%E8%BD%AF%E9%9B%85%E9%BB%91" displayName="%E5%BE%AE%E8%BD%AF%E9%9B%85%E9%BB%91" postScript="" weightStyle="Regular" weight="400" isBold="False" isItalic="False"/>
      <textSize>14</textSize>
      <lineSpacing>0</lineSpacing>
      <selectedIndex>-1</selectedIndex>
      <controlPoint>(184,0)</controlPoint>
      <startPoint>(0,0)</startPoint>
      <endPoint>(368,0)</endPoint>
    </control>
    <control controlID="AFA9C4F0-478D-4CBE-863B-C7CE393C7256" controlTypeID="Icon" x="341" y="22" w="24" h="24" zOrder="5">
      <color>4294967295</color>
      <icon>
        <ID/>
        <iconFontName>jdIonicons</iconFontName>
        <iconCode>62380</iconCode>
      </icon>
      <URL>A6FBF34563F171D2F9FF132D1B656C64.svg</URL>
    </control>
    <control controlID="D4FA4CE0-772E-4D6B-9457-4C2A1E81D0E6" controlTypeID="TextArea" x="36" y="286" w="305" h="434" zOrder="6">
      <font family="%E5%BE%AE%E8%BD%AF%E9%9B%85%E9%BB%91" displayName="%E5%BE%AE%E8%BD%AF%E9%9B%85%E9%BB%91" postScript="" weightStyle="Regular" weight="400" isBold="False" isItalic="False"/>
      <text>%E5%9C%A8%E4%B8%B4%E5%BA%8A%E4%B8%8A%EF%BC%8C%E5%BE%88%E5%A4%9A%E7%B3%96%E5%B0%BF%E7%97%85%E4%BA%BA%E8%A1%80%E7%B3%96%E6%8E%A7%E5%88%B6%E4%B8%8D%E4%BD%B3%EF%BC%8C%E6%8E%92%E9%99%A4%E4%BA%86%E6%B2%BB%E7%96%97%E4%B8%8A%E7%9A%84%E9%97%AE%E9%A2%98%EF%BC%8C%E4%B9%9F%E8%A6%81%E4%BB%8E%E8%87%AA%E5%B7%B1%E8%BA%AB%E4%B8%8A%E6%89%BE%E6%89%BE%E5%8E%9F%E5%9B%A0%E3%80%82%E4%B8%8B%E9%9D%A2%E6%98%AF%E7%97%85%E4%BA%BA%E5%B8%B8%E7%8A%AF%E7%9A%84%E9%94%99%EF%BC%8C%E5%B8%8C%E6%9C%9B%E5%B9%BF%E5%A4%A7%E7%B3%96%E5%8F%8B%E8%83%BD%E5%90%B8%E5%8F%96%E6%95%99%E8%AE%AD%EF%BC%8C%E6%89%BE%E5%88%B0%E6%AD%A3%E7%A1%AE%E7%9A%84%E6%8A%97%E7%B3%96%E8%B7%AF%E3%80%82%0A%E3%80%80%E3%80%801.%E5%8F%AA%E9%80%89%E8%B4%B5%E8%8D%AF%E3%80%82%E7%97%85%E4%BA%BA%E5%B8%B8%E4%BC%9A%E5%90%91%E5%8C%BB%E7%94%9F%E8%A6%81%E6%B1%82%EF%BC%9A%E2%80%9C%E4%B8%80%E5%AE%9A%E8%A6%81%E7%BB%99%E6%88%91%E7%94%A8%E6%9C%80%E5%A5%BD%E3%80%81%E6%9C%80%E8%B4%B5%E7%9A%84%E8%8D%AF%E3%80%82%E2%80%9D%E7%9B%AE%E5%89%8D%E7%B3%96%E5%B0%BF%E7%97%85%E8%8D%AF%E7%89%A9%E5%88%865%E2%80%947%E5%A4%A7%E7%B1%BB%E3%80%82%E4%B8%8D%E5%90%8C%E7%A7%8D%E7%B1%BB%E7%9A%84%E8%8D%AF%E7%89%A9%E9%80%82%E5%90%88%E4%B8%8D%E5%90%8C%E4%BA%BA%E7%BE%A4%E3%80%82%E9%80%89%E6%8B%A9%E7%94%A8%E8%8D%AF%E4%B8%80%E8%88%AC%E6%A0%B9%E6%8D%AE%E7%97%85%E4%BA%BA%E7%97%85%E6%83%85%EF%BC%8C%E7%B3%96%E5%8C%96%E8%A1%80%E7%BA%A2%E8%9B%8B%E7%99%BD%E3%80%81%E8%83%B0%E5%B2%9B%E5%8A%9F%E8%83%BD%E3%80%81%E8%82%9D%E8%82%BE%E5%8A%9F%E8%83%BD%E3%80%81%E6%98%AF%E5%90%A6%E8%82%A5%E8%83%96%E7%AD%89%E5%A4%9A%E7%A7%8D%E5%9B%A0%E7%B4%A0%E5%86%B3%E5%AE%9A%E3%80%82%E4%BB%B7%E6%A0%BC%E9%AB%98%E4%B8%8D%E8%A7%81%E5%BE%97%E9%80%82%E5%90%88%E4%BD%A0%E3%80%82%E8%BF%99%E5%B0%B1%E5%A5%BD%E6%AF%94%E4%B8%80%E4%BB%B6%E8%A5%BF%E8%A3%85%E5%92%8C%E4%B8%80%E6%9D%A1%E8%A3%99%E5%AD%90%EF%BC%8C%E5%89%8D%E8%80%85%E9%80%82%E5%90%88%E7%94%B7%E5%A3%AB%EF%BC%8C%E5%90%8E%E8%80%85%E9%80%82%E5%90%88%E5%A5%B3%E5%A3%AB%EF%BC%9B%E5%A6%82%E6%9E%9C%E5%8F%8D%E8%BF%87%E6%9D%A5%EF%BC%8C%E4%B8%A4%E4%B8%AA%E4%BA%BA%E9%83%BD%E4%B8%8D%E5%A5%BD%E7%9C%8B%E3%80%82%0A%E3%80%80%E3%80%802.%E6%AD%BB%E5%AE%88%E4%B8%80%E7%A7%8D%E6%96%B9%E6%A1%88%E3%80%82%E8%BF%99%E7%B1%BB%E7%97%85%E4%BA%BA%E5%BE%88%E5%90%AC%E8%AF%9D%EF%BC%8C%E9%9D%9E%E5%B8%B8%E9%81%B5%E5%AE%88%E5%8C%BB%E7%94%9F%E5%A4%84%E6%96%B9%E3%80%82%E8%BF%9E%E7%BB%AD%E5%87%A0%E5%B9%B4%E4%B8%80%E7%9B%B4%E4%BD%BF%E7%94%A8%E4%B8%80%E4%B8%AA%E6%96%B9%E6%A1%88%EF%BC%8C%E6%AF%94%E5%A6%825%E5%B9%B4%E5%89%8D%E4%BD%BF%E7%94%A8%E8%83%B0%E5%B2%9B%E7%B4%A0%EF%BC%8C%E8%87%B3%E4%BB%8A%E4%BB%8D%E5%9C%A8%E4%BD%BF%E7%94%A8%EF%BC%8C%E8%BF%99%E6%98%AF%E9%94%99%E8%AF%AF%E7%9A%84%E3%80%82%E6%B2%BB%E7%96%97%E6%96%B9%E6%A1%88%E6%98%AF%E9%9C%80%E8%A6%81%E6%A0%B9%E6%8D%AE%E7%97%85%E6%83%85%E8%B0%83%E6%95%B4%E7%9A%84%E3%80%82%E5%A5%BD%E6%AF%94%E7%A9%BF%E8%A1%A3%E6%9C%8D%EF%BC%9A%E5%86%AC%E5%A4%A9%E7%A9%BF%E6%A3%89%E8%A2%84%EF%BC%8C%E5%A4%8F%E5%A4%A9%E7%A9%BF%E8%A3%99%E5%AD%90%E3%80%82%E5%8C%BB%E7%94%9F%E5%BD%93%E6%97%B6%E7%BB%99%E4%BD%A0%E7%9A%84%E6%96%B9%E6%A1%88%E6%98%AF%E6%A0%B9%E6%8D%AE%E5%BD%93%E6%97%B6%E7%9A%84%E6%83%85%E5%86%B5%E5%88%B6%E5%AE%9A%E7%9A%84%EF%BC%8C%E4%B8%8D%E9%80%82%E5%90%88%E4%B8%80%E7%9B%B4%E7%94%A8%EF%BC%8C%E6%AF%94%E5%A6%82%EF%BC%8C%E6%9C%89%E4%BA%9B%E7%97%85%E4%BA%BA%E5%8F%AA%E9%9C%80%E6%89%93%E5%8D%8A%E5%B9%B4%E8%83%B0%E5%B2%9B%E7%B4%A0%EF%BC%8C%E9%95%BF%E6%9C%9F%E4%BD%BF%E7%94%A8%E5%8F%8D%E8%80%8C%E4%BC%9A%E5%A2%9E%E5%8A%A0%E4%BD%93%E9%87%8D%EF%BC%8C%E4%B8%8D%E5%88%A9%E8%A1%80%E7%B3%96%E6%8E%A7%E5%88%B6%E3%80%82</text>
      <selectedIndex>-1</selectedIndex>
    </control>
    <control controlID="711390A6-EAF4-4FCE-AB4D-FCF78D61CD8B" controlTypeID="Label" x="28" y="62" w="126" h="19" zOrder="7">
      <font family="%E5%BE%AE%E8%BD%AF%E9%9B%85%E9%BB%91" displayName="%E5%BE%AE%E8%BD%AF%E9%9B%85%E9%BB%91" postScript="" weightStyle="Regular" weight="400" isBold="False" isItalic="False"/>
      <text>%E7%B3%96%E5%B0%BF%E7%97%85%E4%BA%BA%E6%9C%80%E6%98%93%E7%8A%AF%E7%9A%84%E9%94%99</text>
      <lineSpacing>0</lineSpacing>
    </control>
    <control controlID="630E8105-5FE0-43C5-8053-6BB969EDDB81" controlTypeID="Image" x="36" y="97" w="305" h="186" zOrder="8">
      <URL>CDE69722EB5B1D3239BE7BF7682571D6.png</URL>
    </control>
  </controls>
  <param>
    <backgroundColor>4294967295</backgroundColor>
    <fontSize>0</fontSize>
    <fontFamily/>
    <guideLines/>
  </param>
</mockup>