﻿<mockup version="5.3" minAllowVersion="5.3" ID="D6A5DB68-0107-4349-895B-AF2478230BEF" platform="MtMobile" defaultW="375" defaultH="667" measureW="375" measureH="667" screenOrientation="MoPortrait" mobileScreenScale="1.77777779102325" clipArea="(0,0,0,0)">
  <controls controlCount="12">
    <control controlID="65E5F3B7-C010-4700-9AF7-D8F2D75AA52B" controlTypeID="StatusBar(IOS)" x="0" y="0" w="375" h="20" zOrder="0"/>
    <control controlID="30B632F6-5045-45A1-969C-76EBB7BA063C" controlTypeID="Icon" x="11" y="21" w="24" h="24" zOrder="1">
      <color>4278242559</color>
      <links eventType="AtClick" animate="AmNone" animateAutoDelay="0" animateDuration="500">
        <link targetPageID="447441F4-5CDF-40ED-BCF8-9AB304D7CF1A" linkType="ltPageLink" isApplyIncludePage="False" title="%E9%A6%96%E9%A1%B5">
          <area shape="0" alt="" ID="{76815E0B-6DA5-4808-8605-9B7E4B28BD6A}" coords="(0,0,24,24)"/>
        </link>
      </links>
      <icon>
        <ID/>
        <iconFontName>jdIonicons</iconFontName>
        <iconCode>62415</iconCode>
      </icon>
      <URL>D6859759E093AABA6D618DD6AA733504.svg</URL>
    </control>
    <control controlID="2AA02F88-B7C0-445D-98FE-DF87358708A7" controlTypeID="Label" x="156" y="22" w="64" h="22" zOrder="2">
      <font family="%E5%BE%AE%E8%BD%AF%E9%9B%85%E9%BB%91" displayName="%E5%BE%AE%E8%BD%AF%E9%9B%85%E9%BB%91" postScript="" weightStyle="Regular" weight="400" isBold="False" isItalic="False"/>
      <text>%E9%A2%84%E7%BA%A6%E7%AE%A1%E7%90%86</text>
      <textColor>4278242559</textColor>
      <textSize>16</textSize>
      <lineSpacing>0</lineSpacing>
      <useDefaultTextSize>False</useDefaultTextSize>
      <selectedIndex>-1</selectedIndex>
    </control>
    <control controlID="137A9D2C-CB11-4F3D-BC46-C38CF93F5849" controlTypeID="Line" x="3" y="49" w="368" h="1" zOrder="3">
      <color>4291611852</color>
      <font family="%E5%BE%AE%E8%BD%AF%E9%9B%85%E9%BB%91" displayName="%E5%BE%AE%E8%BD%AF%E9%9B%85%E9%BB%91" postScript="" weightStyle="Regular" weight="400" isBold="False" isItalic="False"/>
      <textColor>4291611852</textColor>
      <textSize>14</textSize>
      <lineSpacing>0</lineSpacing>
      <selectedIndex>-1</selectedIndex>
      <controlPoint>(184,0)</controlPoint>
      <startPoint>(0,0)</startPoint>
      <endPoint>(368,0)</endPoint>
    </control>
    <control controlID="D0B4CA04-316C-4B0B-8DF7-C4DA4CC92CB7" controlTypeID="Line" x="3" y="49" w="368" h="1" zOrder="4">
      <color>4291611852</color>
      <font family="%E5%BE%AE%E8%BD%AF%E9%9B%85%E9%BB%91" displayName="%E5%BE%AE%E8%BD%AF%E9%9B%85%E9%BB%91" postScript="" weightStyle="Regular" weight="400" isBold="False" isItalic="False"/>
      <textColor>4291611852</textColor>
      <textSize>14</textSize>
      <lineSpacing>0</lineSpacing>
      <selectedIndex>-1</selectedIndex>
      <controlPoint>(184,0)</controlPoint>
      <startPoint>(0,0)</startPoint>
      <endPoint>(368,0)</endPoint>
    </control>
    <control controlID="22528394-E67D-4419-B24A-0735CDC9C5E7" controlTypeID="Label" x="76" y="53" w="55" h="19" zOrder="5">
      <font family="%E5%BE%AE%E8%BD%AF%E9%9B%85%E9%BB%91" displayName="%E5%BE%AE%E8%BD%AF%E9%9B%85%E9%BB%91" postScript="" weightStyle="Regular" weight="400" isBold="False" isItalic="False"/>
      <text>%E7%94%B5%E8%AF%9D%E9%A2%84%E7%BA%A6</text>
      <textColor>4278242559</textColor>
      <lineSpacing>0</lineSpacing>
      <selectedIndex>-1</selectedIndex>
    </control>
    <control controlID="F6515321-0514-4B7A-85B5-127F5B6F335C" controlTypeID="Label" x="274" y="54" w="55" h="19" zOrder="6">
      <links eventType="AtClick" animate="AmNone" animateAutoDelay="0" animateDuration="500">
        <link targetPageID="4BCC9C29-089D-4C40-858D-A870227FDC67" linkType="ltPageLink" isApplyIncludePage="False" title="%E9%A2%84%E7%BA%A6%E7%AE%A1%E7%90%86-%E7%BD%91%E4%B8%8A%E9%A2%84%E7%BA%A6">
          <area shape="0" alt="" ID="{BDF42BEF-2C97-4E9A-9FD2-C3D0EF68BA92}" coords="(0,0,55,19)"/>
        </link>
      </links>
      <font family="%E5%BE%AE%E8%BD%AF%E9%9B%85%E9%BB%91" displayName="%E5%BE%AE%E8%BD%AF%E9%9B%85%E9%BB%91" postScript="" weightStyle="Regular" weight="400" isBold="False" isItalic="False"/>
      <text>%E7%BD%91%E4%B8%8A%E9%A2%84%E7%BA%A6</text>
      <lineSpacing>0</lineSpacing>
      <selectedIndex>-1</selectedIndex>
    </control>
    <control controlID="98E710AE-156E-43D3-A132-D11B19B8963B" controlTypeID="Line" x="187" y="52" w="1" h="22" zOrder="7">
      <font family="%E5%BE%AE%E8%BD%AF%E9%9B%85%E9%BB%91" displayName="%E5%BE%AE%E8%BD%AF%E9%9B%85%E9%BB%91" postScript="" weightStyle="Regular" weight="400" isBold="False" isItalic="False"/>
      <textSize>14</textSize>
      <lineSpacing>0</lineSpacing>
      <selectedIndex>-1</selectedIndex>
      <controlPoint>(0,11)</controlPoint>
      <startPoint>(0,0)</startPoint>
      <endPoint>(0,22)</endPoint>
    </control>
    <control controlID="63A0808B-9359-4D80-8E5B-B2535F0B60AF" controlTypeID="Line" x="1" y="79" w="372" h="1" zOrder="8">
      <color>4291611852</color>
      <font family="%E5%BE%AE%E8%BD%AF%E9%9B%85%E9%BB%91" displayName="%E5%BE%AE%E8%BD%AF%E9%9B%85%E9%BB%91" postScript="" weightStyle="Regular" weight="400" isBold="False" isItalic="False"/>
      <textSize>14</textSize>
      <lineSpacing>0</lineSpacing>
      <selectedIndex>-1</selectedIndex>
      <controlPoint>(186,0)</controlPoint>
      <startPoint>(1,0)</startPoint>
      <endPoint>(372,0)</endPoint>
    </control>
    <control controlID="E8F27C74-8207-49A6-B76A-2C3897CE8CB7" controlTypeID="Circle" x="116" y="225" w="143" h="146" zOrder="9">
      <font family="%E5%BE%AE%E8%BD%AF%E9%9B%85%E9%BB%91" displayName="%E5%BE%AE%E8%BD%AF%E9%9B%85%E9%BB%91" postScript="" weightStyle="Regular" weight="400" isBold="False" isItalic="False"/>
      <textSize>14</textSize>
      <selectedIndex>-1</selectedIndex>
      <shapeBorderType>SbEllipse</shapeBorderType>
    </control>
    <control controlID="CB19869D-0EDB-492D-BF89-13C88D492852" controlTypeID="Icon" x="159" y="264" w="58" h="58" zOrder="10">
      <icon>
        <ID/>
        <iconFontName>jdIonicons</iconFontName>
        <iconCode>62162</iconCode>
      </icon>
      <URL>94E9452D20864CF3FBC79CD2C4E76723.svg</URL>
    </control>
    <control controlID="2763995A-C881-4554-9E76-F1FAC01D3383" controlTypeID="Label" x="160" y="332" w="55" h="19" zOrder="11">
      <font family="%E5%BE%AE%E8%BD%AF%E9%9B%85%E9%BB%91" displayName="%E5%BE%AE%E8%BD%AF%E9%9B%85%E9%BB%91" postScript="" weightStyle="Regular" weight="400" isBold="False" isItalic="False"/>
      <text>%E7%AB%8B%E5%8D%B3%E9%A2%84%E7%BA%A6</text>
      <lineSpacing>0</lineSpacing>
      <selectedIndex>-1</selectedIndex>
    </control>
  </controls>
  <param>
    <backgroundColor>4294967295</backgroundColor>
    <fontSize>0</fontSize>
    <fontFamily/>
    <guideLines/>
  </param>
</mockup>