﻿<mockup version="5.3" minAllowVersion="5.3" ID="DB4BCCE0-D621-43E9-B144-07433482506A" platform="MtMobile" defaultW="375" defaultH="667" measureW="375" measureH="667" screenOrientation="MoPortrait" mobileScreenScale="1.77777779102325" clipArea="(0,0,0,0)">
  <controls controlCount="5">
    <control controlID="65E5F3B7-C010-4700-9AF7-D8F2D75AA52B" controlTypeID="StatusBar(IOS)" x="0" y="0" w="375" h="20" zOrder="0"/>
    <control controlID="32E46DBF-F36C-4EC5-A412-291B6D06A413" controlTypeID="Icon" x="11" y="21" w="24" h="24" zOrder="1">
      <color>4278242559</color>
      <icon>
        <ID/>
        <iconFontName>jdIonicons</iconFontName>
        <iconCode>62415</iconCode>
      </icon>
      <URL>D6859759E093AABA6D618DD6AA733504.svg</URL>
    </control>
    <control controlID="61B06EED-5AAE-464C-B5F1-931643599514" controlTypeID="Label" x="156" y="22" w="48" h="22" zOrder="2">
      <font family="%E5%BE%AE%E8%BD%AF%E9%9B%85%E9%BB%91" displayName="%E5%BE%AE%E8%BD%AF%E9%9B%85%E9%BB%91" postScript="" weightStyle="Regular" weight="400" isBold="False" isItalic="False"/>
      <text>%E5%BC%A0%E5%8C%BB%E7%94%9F</text>
      <textColor>4278242559</textColor>
      <textSize>16</textSize>
      <lineSpacing>0</lineSpacing>
      <useDefaultTextSize>False</useDefaultTextSize>
      <selectedIndex>-1</selectedIndex>
    </control>
    <control controlID="2782F056-8349-4AC6-8AD1-806A6987BFBF" controlTypeID="Line" x="3" y="49" w="368" h="1" zOrder="3">
      <color>4291611852</color>
      <font family="%E5%BE%AE%E8%BD%AF%E9%9B%85%E9%BB%91" displayName="%E5%BE%AE%E8%BD%AF%E9%9B%85%E9%BB%91" postScript="" weightStyle="Regular" weight="400" isBold="False" isItalic="False"/>
      <textColor>4291611852</textColor>
      <textSize>14</textSize>
      <lineSpacing>0</lineSpacing>
      <selectedIndex>-1</selectedIndex>
      <controlPoint>(184,0)</controlPoint>
      <startPoint>(0,0)</startPoint>
      <endPoint>(368,0)</endPoint>
    </control>
    <control controlID="7081C0E7-1347-41D0-85A2-5A9E6FD6E3C3" controlTypeID="Image" x="0" y="50" w="375" h="617" zOrder="4">
      <URL>E53E14DEA54D2C2D80FD7C416AA1CF10.png</URL>
    </control>
  </controls>
  <param>
    <backgroundColor>4294967295</backgroundColor>
    <fontSize>0</fontSize>
    <fontFamily/>
    <guideLines/>
  </param>
</mockup>