﻿<mockup version="5.3" minAllowVersion="5.3" ID="E7A231C5-BA1F-4DA2-8FB7-5FC2F4749A23" platform="MtMobile" defaultW="375" defaultH="667" measureW="375" measureH="667" screenOrientation="MoPortrait" mobileScreenScale="1.77777779102325" clipArea="(0,0,0,0)">
  <controls controlCount="6">
    <control controlID="65E5F3B7-C010-4700-9AF7-D8F2D75AA52B" controlTypeID="StatusBar(IOS)" x="0" y="0" w="375" h="20" zOrder="0"/>
    <control controlID="0DBE7E01-FDED-4133-8D91-467301A23623" controlTypeID="Icon" x="11" y="21" w="24" h="24" zOrder="1">
      <color>4278242559</color>
      <icon>
        <ID/>
        <iconFontName>jdIonicons</iconFontName>
        <iconCode>62415</iconCode>
      </icon>
      <URL>D6859759E093AABA6D618DD6AA733504.svg</URL>
    </control>
    <control controlID="C2D253B6-2019-46CB-85EE-3D2A3EF77ADB" controlTypeID="Label" x="155" y="20" w="64" h="22" zOrder="2">
      <font family="%E5%BE%AE%E8%BD%AF%E9%9B%85%E9%BB%91" displayName="%E5%BE%AE%E8%BD%AF%E9%9B%85%E9%BB%91" postScript="" weightStyle="Regular" weight="400" isBold="False" isItalic="False"/>
      <text>%E4%BD%93%E5%BE%81%E8%AE%B0%E5%BD%95</text>
      <textColor>4278242559</textColor>
      <textSize>16</textSize>
      <lineSpacing>0</lineSpacing>
      <useDefaultTextSize>False</useDefaultTextSize>
      <selectedIndex>-1</selectedIndex>
    </control>
    <control controlID="2E8C98E3-39E9-4A2D-8B50-57CF8BB31A1A" controlTypeID="Line" x="3" y="49" w="368" h="1" zOrder="3">
      <color>4291611852</color>
      <font family="%E5%BE%AE%E8%BD%AF%E9%9B%85%E9%BB%91" displayName="%E5%BE%AE%E8%BD%AF%E9%9B%85%E9%BB%91" postScript="" weightStyle="Regular" weight="400" isBold="False" isItalic="False"/>
      <textColor>4291611852</textColor>
      <textSize>14</textSize>
      <lineSpacing>0</lineSpacing>
      <selectedIndex>-1</selectedIndex>
      <controlPoint>(184,0)</controlPoint>
      <startPoint>(0,0)</startPoint>
      <endPoint>(368,0)</endPoint>
    </control>
    <control controlID="93F9F7C0-F75C-4346-A016-2E116A2A1DAF" controlTypeID="Image" x="-1" y="50" w="375" h="134" zOrder="4">
      <links eventType="AtClick" animate="AmNone" animateAutoDelay="0" animateDuration="500">
        <link targetPageID="3437F339-733D-46E7-8B48-E4FD6A181ACB" linkType="ltPageLink" isApplyIncludePage="False" title="%E4%BD%93%E5%BE%81%E8%AE%B0%E5%BD%95-%E6%B5%8B%E9%87%8F">
          <area shape="0" alt="" ID="{D12CFF12-3A06-4F8C-9303-1F5E8255FB04}" coords="(0,0,375,134)"/>
        </link>
      </links>
      <URL>B8279C570ACB6C661319A03B8B3DBE26.png</URL>
    </control>
    <control controlID="8496033E-418E-4056-8829-58A2CCDB08EB" controlTypeID="Icon" x="341" y="21" w="24" h="24" zOrder="5">
      <color>4278242559</color>
      <links eventType="AtClick" animate="AmNone" animateAutoDelay="0" animateDuration="500">
        <link targetPageID="FF76A9F9-F689-409C-9B1B-AA0F4F1E5949" linkType="ltPageLink" isApplyIncludePage="False" title="%E5%81%A5%E5%BA%B7%E4%B8%AD%E5%BF%83-%E8%AE%BE%E7%BD%AE%E8%87%AA%E5%AE%9A%E4%B9%89">
          <area shape="0" alt="" ID="{AAF3C61A-53F6-46FB-B05B-0302B46F7C72}" coords="(0,0,24,24)"/>
        </link>
      </links>
      <icon>
        <ID/>
        <iconFontName>jdIonicons</iconFontName>
        <iconCode>62199</iconCode>
      </icon>
      <URL>DED0E6A8242D8DE296EBCBE2FFA15EDA.svg</URL>
    </control>
  </controls>
  <param>
    <backgroundColor>4294967295</backgroundColor>
    <fontSize>0</fontSize>
    <fontFamily/>
    <guideLines/>
  </param>
</mockup>