﻿<mockup version="5.3" minAllowVersion="5.3" ID="E7A231C5-BA1F-4DA2-8FB7-5FC2F4749A23" platform="MtMobile" defaultW="375" defaultH="667" measureW="375" measureH="667" screenOrientation="MoPortrait" mobileScreenScale="1.77777779102325" clipArea="(0,0,0,0)">
  <controls controlCount="39">
    <control controlID="241879B1-1257-42C5-8784-537C883A5C17" controlTypeID="Shape" x="1" y="112" w="374" h="555" zOrder="0">
      <color>4291611852</color>
      <font family="%E5%BE%AE%E8%BD%AF%E9%9B%85%E9%BB%91" displayName="%E5%BE%AE%E8%BD%AF%E9%9B%85%E9%BB%91" postScript="" weightStyle="Regular" weight="400" isBold="False" isItalic="False"/>
      <textSize>14</textSize>
      <selectedIndex>-1</selectedIndex>
    </control>
    <control controlID="65E5F3B7-C010-4700-9AF7-D8F2D75AA52B" controlTypeID="StatusBar(IOS)" x="0" y="0" w="375" h="20" zOrder="1"/>
    <control controlID="0DBE7E01-FDED-4133-8D91-467301A23623" controlTypeID="Icon" x="11" y="21" w="24" h="24" zOrder="2">
      <color>4278242559</color>
      <icon>
        <ID/>
        <iconFontName>jdIonicons</iconFontName>
        <iconCode>62415</iconCode>
      </icon>
      <URL>D6859759E093AABA6D618DD6AA733504.svg</URL>
    </control>
    <control controlID="C2D253B6-2019-46CB-85EE-3D2A3EF77ADB" controlTypeID="Label" x="155" y="20" w="63" h="22" zOrder="3">
      <font family="%E5%BE%AE%E8%BD%AF%E9%9B%85%E9%BB%91" displayName="%E5%BE%AE%E8%BD%AF%E9%9B%85%E9%BB%91" postScript="" weightStyle="Regular" weight="400" isBold="False" isItalic="False"/>
      <text>%E8%A1%80%E5%8E%8B%E6%9F%A5%E8%AF%A2</text>
      <textColor>4278242559</textColor>
      <textSize>16</textSize>
      <lineSpacing>0</lineSpacing>
      <useDefaultTextSize>False</useDefaultTextSize>
      <selectedIndex>-1</selectedIndex>
    </control>
    <control controlID="2E8C98E3-39E9-4A2D-8B50-57CF8BB31A1A" controlTypeID="Line" x="3" y="49" w="368" h="1" zOrder="4">
      <color>4291611852</color>
      <font family="%E5%BE%AE%E8%BD%AF%E9%9B%85%E9%BB%91" displayName="%E5%BE%AE%E8%BD%AF%E9%9B%85%E9%BB%91" postScript="" weightStyle="Regular" weight="400" isBold="False" isItalic="False"/>
      <textColor>4291611852</textColor>
      <textSize>14</textSize>
      <lineSpacing>0</lineSpacing>
      <selectedIndex>-1</selectedIndex>
      <controlPoint>(184,0)</controlPoint>
      <startPoint>(0,0)</startPoint>
      <endPoint>(368,0)</endPoint>
    </control>
    <control controlID="04937349-6A30-49A3-8A88-18F3A9374581" controlTypeID="Label" x="76" y="53" w="28" h="19" zOrder="5">
      <font family="%E5%BE%AE%E8%BD%AF%E9%9B%85%E9%BB%91" displayName="%E5%BE%AE%E8%BD%AF%E9%9B%85%E9%BB%91" postScript="" weightStyle="Regular" weight="400" isBold="False" isItalic="False"/>
      <text>%E6%95%B0%E6%8D%AE</text>
      <textColor>4278242559</textColor>
      <lineSpacing>0</lineSpacing>
      <selectedIndex>-1</selectedIndex>
    </control>
    <control controlID="AC242F6F-38B5-4C1F-AD3E-36EE0A416D93" controlTypeID="Label" x="281" y="54" w="28" h="19" zOrder="6">
      <font family="%E5%BE%AE%E8%BD%AF%E9%9B%85%E9%BB%91" displayName="%E5%BE%AE%E8%BD%AF%E9%9B%85%E9%BB%91" postScript="" weightStyle="Regular" weight="400" isBold="False" isItalic="False"/>
      <text>%E6%9B%B2%E7%BA%BF</text>
      <lineSpacing>0</lineSpacing>
      <selectedIndex>-1</selectedIndex>
    </control>
    <control controlID="988DF4BE-E52F-4DB1-AFF2-998EF73364DE" controlTypeID="Line" x="187" y="52" w="1" h="22" zOrder="7">
      <font family="%E5%BE%AE%E8%BD%AF%E9%9B%85%E9%BB%91" displayName="%E5%BE%AE%E8%BD%AF%E9%9B%85%E9%BB%91" postScript="" weightStyle="Regular" weight="400" isBold="False" isItalic="False"/>
      <textSize>14</textSize>
      <lineSpacing>0</lineSpacing>
      <selectedIndex>-1</selectedIndex>
      <controlPoint>(0,11)</controlPoint>
      <startPoint>(0,0)</startPoint>
      <endPoint>(0,22)</endPoint>
    </control>
    <control controlID="46421072-6731-40A7-9CB5-74DF5461F30A" controlTypeID="Line" x="1" y="79" w="372" h="1" zOrder="8">
      <font family="%E5%BE%AE%E8%BD%AF%E9%9B%85%E9%BB%91" displayName="%E5%BE%AE%E8%BD%AF%E9%9B%85%E9%BB%91" postScript="" weightStyle="Regular" weight="400" isBold="False" isItalic="False"/>
      <textSize>14</textSize>
      <lineSpacing>0</lineSpacing>
      <selectedIndex>-1</selectedIndex>
      <controlPoint>(186,0)</controlPoint>
      <startPoint>(1,0)</startPoint>
      <endPoint>(372,0)</endPoint>
    </control>
    <control controlID="761C97E0-704C-4837-B80E-FDDD5E92AB22" controlTypeID="Label" x="17" y="90" w="12" h="19" zOrder="9">
      <font family="%E5%BE%AE%E8%BD%AF%E9%9B%85%E9%BB%91" displayName="%E5%BE%AE%E8%BD%AF%E9%9B%85%E9%BB%91" postScript="" weightStyle="Regular" weight="400" isBold="False" isItalic="False"/>
      <text>%E8%87%AA</text>
      <lineSpacing>0</lineSpacing>
      <selectedIndex>-1</selectedIndex>
    </control>
    <control controlID="DCF49C56-72F2-415C-A972-ABD71F0098D5" controlTypeID="Label" x="52" y="90" w="77" h="19" zOrder="10">
      <font family="%E5%BE%AE%E8%BD%AF%E9%9B%85%E9%BB%91" displayName="%E5%BE%AE%E8%BD%AF%E9%9B%85%E9%BB%91" postScript="" weightStyle="Regular" weight="400" isBold="False" isItalic="False"/>
      <text>2018-03-25</text>
      <lineSpacing>0</lineSpacing>
      <selectedIndex>-1</selectedIndex>
    </control>
    <control controlID="EA11F9CB-EB2B-4132-B512-7A57F67083AB" controlTypeID="Label" x="180" y="90" w="14" h="19" zOrder="11">
      <font family="%E5%BE%AE%E8%BD%AF%E9%9B%85%E9%BB%91" displayName="%E5%BE%AE%E8%BD%AF%E9%9B%85%E9%BB%91" postScript="" weightStyle="Regular" weight="400" isBold="False" isItalic="False"/>
      <text>%E8%87%B3</text>
      <lineSpacing>0</lineSpacing>
      <selectedIndex>-1</selectedIndex>
    </control>
    <control controlID="526A8B54-7F19-4FF1-8EAB-4F930A7AB15E" controlTypeID="Label" x="253" y="90" w="77" h="19" zOrder="12">
      <font family="%E5%BE%AE%E8%BD%AF%E9%9B%85%E9%BB%91" displayName="%E5%BE%AE%E8%BD%AF%E9%9B%85%E9%BB%91" postScript="" weightStyle="Regular" weight="400" isBold="False" isItalic="False"/>
      <text>2018-08-20</text>
      <lineSpacing>0</lineSpacing>
      <selectedIndex>-1</selectedIndex>
    </control>
    <control controlID="5630AF78-820F-447A-B02A-BCE9CC28C2E3" controlTypeID="__group__" x="13" y="133" w="58" h="52" zOrder="13">
      <groupChildrenDescriptors>
        <control controlID="0CEF64FD-57B9-40C3-BEC3-310A4A1B21AD" controlTypeID="Circle" x="0" y="0" w="58" h="52" zOrder="0">
          <color>4278255360</color>
          <font family="%E5%BE%AE%E8%BD%AF%E9%9B%85%E9%BB%91" displayName="%E5%BE%AE%E8%BD%AF%E9%9B%85%E9%BB%91" postScript="" weightStyle="Regular" weight="400" isBold="False" isItalic="False"/>
          <textSize>14</textSize>
          <selectedIndex>-1</selectedIndex>
          <shapeBorderType>SbEllipse</shapeBorderType>
        </control>
        <control controlID="48546BF3-4B05-48EC-8CF5-A76E8975DD26" controlTypeID="Label" x="9" y="15" w="39" h="27" zOrder="1">
          <font family="%E5%BE%AE%E8%BD%AF%E9%9B%85%E9%BB%91" displayName="%E5%BE%AE%E8%BD%AF%E9%9B%85%E9%BB%91" postScript="" weightStyle="Regular" weight="400" isBold="False" isItalic="False"/>
          <text>%E6%AD%A3%E5%B8%B8</text>
          <textColor>4294967295</textColor>
          <textSize>20</textSize>
          <lineSpacing>0</lineSpacing>
          <useDefaultTextSize>False</useDefaultTextSize>
          <selectedIndex>-1</selectedIndex>
        </control>
      </groupChildrenDescriptors>
    </control>
    <control controlID="BC120E0B-48ED-4472-BDCE-58E1A176570B" controlTypeID="Label" x="104" y="150" w="169" h="19" zOrder="14">
      <font family="%E5%BE%AE%E8%BD%AF%E9%9B%85%E9%BB%91" displayName="%E5%BE%AE%E8%BD%AF%E9%9B%85%E9%BB%91" postScript="" weightStyle="Regular" weight="400" isBold="False" isItalic="False"/>
      <text>123%2F69mmHg+++89%E6%AC%A1%2F%E5%88%86%E9%92%9F</text>
      <textColor>4278255360</textColor>
      <lineSpacing>0</lineSpacing>
      <selectedIndex>-1</selectedIndex>
    </control>
    <control controlID="FCDF7EDA-4672-4226-A1C8-CDC04600F107" controlTypeID="Icon" x="301" y="145" w="24" h="24" zOrder="15">
      <color>4278255615</color>
      <icon>
        <ID/>
        <iconFontName>jdIcoFont</iconFontName>
        <iconCode>58905</iconCode>
      </icon>
      <URL>80C6DA83A9C4B67888E69C51099763F8.svg</URL>
    </control>
    <control controlID="0848129C-5083-4034-A18E-F2E6EC549EB2" controlTypeID="Icon" x="340" y="145" w="24" h="24" zOrder="16">
      <color>4291559424</color>
      <icon>
        <ID/>
        <iconFontName>jdIonicons</iconFontName>
        <iconCode>62335</iconCode>
      </icon>
      <URL>51ED992D000055983D8B8802C65E2870.svg</URL>
    </control>
    <control controlID="6057BCF6-B982-450F-A1D0-F9CD8CF2F1BD" controlTypeID="Line" x="4" y="187" w="367" h="1" zOrder="17">
      <color>4288256409</color>
      <font family="%E5%BE%AE%E8%BD%AF%E9%9B%85%E9%BB%91" displayName="%E5%BE%AE%E8%BD%AF%E9%9B%85%E9%BB%91" postScript="" weightStyle="Regular" weight="400" isBold="False" isItalic="False"/>
      <textSize>14</textSize>
      <lineSpacing>0</lineSpacing>
      <selectedIndex>-1</selectedIndex>
      <controlPoint>(184,0)</controlPoint>
      <startPoint>(0,0)</startPoint>
      <endPoint>(367,0)</endPoint>
    </control>
    <control controlID="2FC4C06B-3106-4EBB-91D7-B0EFACAF6E12" controlTypeID="Line" x="8" y="112" w="367" h="1" zOrder="18">
      <color>4291611852</color>
      <font family="%E5%BE%AE%E8%BD%AF%E9%9B%85%E9%BB%91" displayName="%E5%BE%AE%E8%BD%AF%E9%9B%85%E9%BB%91" postScript="" weightStyle="Regular" weight="400" isBold="False" isItalic="False"/>
      <textSize>14</textSize>
      <lineSpacing>0</lineSpacing>
      <selectedIndex>-1</selectedIndex>
      <controlPoint>(184,0)</controlPoint>
      <startPoint>(0,0)</startPoint>
      <endPoint>(367,0)</endPoint>
    </control>
    <control controlID="B4B36665-9BAC-4445-9CB7-62BF2B473189" controlTypeID="Line" x="5" y="130" w="367" h="1" zOrder="19">
      <color>4288256409</color>
      <font family="%E5%BE%AE%E8%BD%AF%E9%9B%85%E9%BB%91" displayName="%E5%BE%AE%E8%BD%AF%E9%9B%85%E9%BB%91" postScript="" weightStyle="Regular" weight="400" isBold="False" isItalic="False"/>
      <textSize>14</textSize>
      <lineSpacing>0</lineSpacing>
      <selectedIndex>-1</selectedIndex>
      <controlPoint>(184,0)</controlPoint>
      <startPoint>(0,0)</startPoint>
      <endPoint>(367,0)</endPoint>
    </control>
    <control controlID="FE694DE5-144A-4498-8F19-1D3688136947" controlTypeID="Label" x="9" y="113" w="66" h="16" zOrder="20">
      <font family="%E5%BE%AE%E8%BD%AF%E9%9B%85%E9%BB%91" displayName="%E5%BE%AE%E8%BD%AF%E9%9B%85%E9%BB%91" postScript="" weightStyle="Regular" weight="400" isBold="False" isItalic="False"/>
      <text>2018-03-30</text>
      <textSize>12</textSize>
      <lineSpacing>0</lineSpacing>
      <useDefaultTextSize>False</useDefaultTextSize>
      <selectedIndex>-1</selectedIndex>
    </control>
    <control controlID="38E3D618-4FD1-49E0-91E2-EBC2C9C8811E" controlTypeID="__group__" x="14" y="191" w="58" h="52" zOrder="21">
      <groupChildrenDescriptors>
        <control controlID="759E6DBD-F56B-46CC-91B9-BDA7660D6300" controlTypeID="Circle" x="0" y="0" w="58" h="52" zOrder="0">
          <color>4294901760</color>
          <font family="%E5%BE%AE%E8%BD%AF%E9%9B%85%E9%BB%91" displayName="%E5%BE%AE%E8%BD%AF%E9%9B%85%E9%BB%91" postScript="" weightStyle="Regular" weight="400" isBold="False" isItalic="False"/>
          <textSize>14</textSize>
          <selectedIndex>-1</selectedIndex>
          <shapeBorderType>SbEllipse</shapeBorderType>
        </control>
        <control controlID="04B9B8F6-3E46-43E2-93BF-D5C3A6C3B7FC" controlTypeID="Label" x="9" y="15" w="40" h="27" zOrder="1">
          <font family="%E5%BE%AE%E8%BD%AF%E9%9B%85%E9%BB%91" displayName="%E5%BE%AE%E8%BD%AF%E9%9B%85%E9%BB%91" postScript="" weightStyle="Regular" weight="400" isBold="False" isItalic="False"/>
          <text>%E5%81%8F%E9%AB%98</text>
          <textColor>4294967295</textColor>
          <textSize>20</textSize>
          <lineSpacing>0</lineSpacing>
          <useDefaultTextSize>False</useDefaultTextSize>
          <selectedIndex>-1</selectedIndex>
        </control>
      </groupChildrenDescriptors>
    </control>
    <control controlID="999CF2C9-FE30-4D4F-A293-C1049FBE141B" controlTypeID="Label" x="105" y="208" w="169" h="19" zOrder="22">
      <font family="%E5%BE%AE%E8%BD%AF%E9%9B%85%E9%BB%91" displayName="%E5%BE%AE%E8%BD%AF%E9%9B%85%E9%BB%91" postScript="" weightStyle="Regular" weight="400" isBold="False" isItalic="False"/>
      <text>190%2F90mmHg+++89%E6%AC%A1%2F%E5%88%86%E9%92%9F</text>
      <textColor>4294901760</textColor>
      <lineSpacing>0</lineSpacing>
      <selectedIndex>-1</selectedIndex>
    </control>
    <control controlID="DFA799BB-98D2-4D7F-B2D4-55479D8B4431" controlTypeID="Icon" x="302" y="203" w="24" h="24" zOrder="23">
      <color>4278255615</color>
      <icon>
        <ID/>
        <iconFontName>jdIcoFont</iconFontName>
        <iconCode>58905</iconCode>
      </icon>
      <URL>80C6DA83A9C4B67888E69C51099763F8.svg</URL>
    </control>
    <control controlID="5F949467-442C-4015-9A90-6F2D503CCD63" controlTypeID="Icon" x="341" y="203" w="24" h="24" zOrder="24">
      <color>4291559424</color>
      <icon>
        <ID/>
        <iconFontName>jdIonicons</iconFontName>
        <iconCode>62335</iconCode>
      </icon>
      <URL>51ED992D000055983D8B8802C65E2870.svg</URL>
    </control>
    <control controlID="DDDB6F16-4A91-4A52-A73C-4DB02848ADDA" controlTypeID="Line" x="5" y="245" w="367" h="1" zOrder="25">
      <color>4288256409</color>
      <font family="%E5%BE%AE%E8%BD%AF%E9%9B%85%E9%BB%91" displayName="%E5%BE%AE%E8%BD%AF%E9%9B%85%E9%BB%91" postScript="" weightStyle="Regular" weight="400" isBold="False" isItalic="False"/>
      <textSize>14</textSize>
      <lineSpacing>0</lineSpacing>
      <selectedIndex>-1</selectedIndex>
      <controlPoint>(184,0)</controlPoint>
      <startPoint>(0,0)</startPoint>
      <endPoint>(367,0)</endPoint>
    </control>
    <control controlID="AD230F7B-9E63-43B7-A1FF-7F3A622C56B1" controlTypeID="Line" x="6" y="188" w="367" h="1" zOrder="26">
      <color>4288256409</color>
      <font family="%E5%BE%AE%E8%BD%AF%E9%9B%85%E9%BB%91" displayName="%E5%BE%AE%E8%BD%AF%E9%9B%85%E9%BB%91" postScript="" weightStyle="Regular" weight="400" isBold="False" isItalic="False"/>
      <textSize>14</textSize>
      <lineSpacing>0</lineSpacing>
      <selectedIndex>-1</selectedIndex>
      <controlPoint>(184,0)</controlPoint>
      <startPoint>(0,0)</startPoint>
      <endPoint>(367,0)</endPoint>
    </control>
    <control controlID="0E99DFC8-EC68-4D51-A6B1-7F7943C889FA" controlTypeID="__group__" x="14" y="246" w="58" h="52" zOrder="27">
      <groupChildrenDescriptors>
        <control controlID="1B81344B-9925-48C2-9EA9-9459770BFFCD" controlTypeID="Circle" x="0" y="0" w="58" h="52" zOrder="0">
          <color>4294953984</color>
          <font family="%E5%BE%AE%E8%BD%AF%E9%9B%85%E9%BB%91" displayName="%E5%BE%AE%E8%BD%AF%E9%9B%85%E9%BB%91" postScript="" weightStyle="Regular" weight="400" isBold="False" isItalic="False"/>
          <textSize>14</textSize>
          <selectedIndex>-1</selectedIndex>
          <shapeBorderType>SbEllipse</shapeBorderType>
        </control>
        <control controlID="F04FE1FC-497F-4553-B379-CFB662A20672" controlTypeID="Label" x="9" y="15" w="40" h="27" zOrder="1">
          <font family="%E5%BE%AE%E8%BD%AF%E9%9B%85%E9%BB%91" displayName="%E5%BE%AE%E8%BD%AF%E9%9B%85%E9%BB%91" postScript="" weightStyle="Regular" weight="400" isBold="False" isItalic="False"/>
          <text>%E5%81%8F%E4%BD%8E</text>
          <textColor>4294967295</textColor>
          <textSize>20</textSize>
          <lineSpacing>0</lineSpacing>
          <useDefaultTextSize>False</useDefaultTextSize>
          <selectedIndex>-1</selectedIndex>
        </control>
      </groupChildrenDescriptors>
    </control>
    <control controlID="DBCE6585-361C-4B7B-980E-2E172F09FC39" controlTypeID="Label" x="107" y="265" w="169" h="19" zOrder="28">
      <font family="%E5%BE%AE%E8%BD%AF%E9%9B%85%E9%BB%91" displayName="%E5%BE%AE%E8%BD%AF%E9%9B%85%E9%BB%91" postScript="" weightStyle="Regular" weight="400" isBold="False" isItalic="False"/>
      <text>100%2F58mmHg+++89%E6%AC%A1%2F%E5%88%86%E9%92%9F</text>
      <textColor>4294953984</textColor>
      <lineSpacing>0</lineSpacing>
      <selectedIndex>-1</selectedIndex>
    </control>
    <control controlID="11E62E48-0B32-4757-9308-480D912BE264" controlTypeID="Icon" x="304" y="260" w="24" h="24" zOrder="29">
      <color>4278255615</color>
      <icon>
        <ID/>
        <iconFontName>jdIcoFont</iconFontName>
        <iconCode>58905</iconCode>
      </icon>
      <URL>80C6DA83A9C4B67888E69C51099763F8.svg</URL>
    </control>
    <control controlID="4605580D-6715-4487-8D22-7E8CB94F8C59" controlTypeID="Icon" x="343" y="260" w="24" h="24" zOrder="30">
      <color>4291559424</color>
      <icon>
        <ID/>
        <iconFontName>jdIonicons</iconFontName>
        <iconCode>62335</iconCode>
      </icon>
      <URL>51ED992D000055983D8B8802C65E2870.svg</URL>
    </control>
    <control controlID="9E8F463F-EE6C-4735-B392-8BEA0E79D583" controlTypeID="Line" x="7" y="302" w="367" h="1" zOrder="31">
      <color>4288256409</color>
      <font family="%E5%BE%AE%E8%BD%AF%E9%9B%85%E9%BB%91" displayName="%E5%BE%AE%E8%BD%AF%E9%9B%85%E9%BB%91" postScript="" weightStyle="Regular" weight="400" isBold="False" isItalic="False"/>
      <textSize>14</textSize>
      <lineSpacing>0</lineSpacing>
      <selectedIndex>-1</selectedIndex>
      <controlPoint>(184,0)</controlPoint>
      <startPoint>(0,0)</startPoint>
      <endPoint>(367,0)</endPoint>
    </control>
    <control controlID="BD9A2E63-3386-4949-9D0E-ED8BE45FE0EF" controlTypeID="Line" x="8" y="245" w="367" h="1" zOrder="32">
      <color>4288256409</color>
      <font family="%E5%BE%AE%E8%BD%AF%E9%9B%85%E9%BB%91" displayName="%E5%BE%AE%E8%BD%AF%E9%9B%85%E9%BB%91" postScript="" weightStyle="Regular" weight="400" isBold="False" isItalic="False"/>
      <textSize>14</textSize>
      <lineSpacing>0</lineSpacing>
      <selectedIndex>-1</selectedIndex>
      <controlPoint>(184,0)</controlPoint>
      <startPoint>(0,0)</startPoint>
      <endPoint>(367,0)</endPoint>
    </control>
  </controls>
  <param>
    <backgroundColor>4294967295</backgroundColor>
    <fontSize>0</fontSize>
    <fontFamily/>
    <guideLines/>
  </param>
</mockup>