﻿<mockup version="5.3" minAllowVersion="5.3" ID="447441F4-5CDF-40ED-BCF8-9AB304D7CF1A" platform="MtMobile" defaultW="375" defaultH="667" measureW="375" measureH="667" screenOrientation="MoPortrait" mobileScreenScale="1.77777779102325" clipArea="(0,0,0,0)">
  <controls controlCount="15">
    <control controlID="65E5F3B7-C010-4700-9AF7-D8F2D75AA52B" controlTypeID="StatusBar(IOS)" x="0" y="0" w="375" h="20" zOrder="0"/>
    <control controlID="19A5F3BB-A55C-4134-AC82-71B4A8825FBA" controlTypeID="Label" x="170" y="30" w="36" h="24" zOrder="1">
      <font family="%E5%BE%AE%E8%BD%AF%E9%9B%85%E9%BB%91" displayName="%E5%BE%AE%E8%BD%AF%E9%9B%85%E9%BB%91" postScript="" weightStyle="Regular" weight="400" isBold="False" isItalic="False"/>
      <text>%E7%99%BB%E5%BD%95</text>
      <textColor>4278242559</textColor>
      <textSize>18</textSize>
      <lineSpacing>0</lineSpacing>
      <useDefaultTextSize>False</useDefaultTextSize>
      <selectedIndex>-1</selectedIndex>
    </control>
    <control controlID="02E9FC9A-BBCA-40A3-9931-868CDB6DB434" controlTypeID="Line" x="1" y="59" w="372" h="1" zOrder="2">
      <color>4291611852</color>
      <font family="%E5%BE%AE%E8%BD%AF%E9%9B%85%E9%BB%91" displayName="%E5%BE%AE%E8%BD%AF%E9%9B%85%E9%BB%91" postScript="" weightStyle="Regular" weight="400" isBold="False" isItalic="False"/>
      <textSize>14</textSize>
      <lineSpacing>0</lineSpacing>
      <selectedIndex>-1</selectedIndex>
      <controlPoint>(186,0)</controlPoint>
      <startPoint>(0,0)</startPoint>
      <endPoint>(372,0)</endPoint>
    </control>
    <control controlID="C27482AE-4B21-4E8A-8E8A-2927B179F8AE" controlTypeID="Label" x="40" y="70" w="84" h="19" zOrder="3">
      <font family="%E5%BE%AE%E8%BD%AF%E9%9B%85%E9%BB%91" displayName="%E5%BE%AE%E8%BD%AF%E9%9B%85%E9%BB%91" postScript="" weightStyle="Regular" weight="400" isBold="False" isItalic="False"/>
      <text>%E8%B4%A6%E5%8F%B7%E5%AF%86%E7%A0%81%E7%99%BB%E5%BD%95</text>
      <textColor>4278242508</textColor>
      <lineSpacing>0</lineSpacing>
      <selectedIndex>-1</selectedIndex>
    </control>
    <control controlID="35361C88-34C1-499F-814C-55ABF5A58CFD" controlTypeID="Line" x="4" y="94" w="179" h="1" zOrder="4">
      <color>4278242559</color>
      <font family="%E5%BE%AE%E8%BD%AF%E9%9B%85%E9%BB%91" displayName="%E5%BE%AE%E8%BD%AF%E9%9B%85%E9%BB%91" postScript="" weightStyle="Regular" weight="400" isBold="False" isItalic="False"/>
      <textColor>4278242559</textColor>
      <textSize>14</textSize>
      <lineSpacing>0</lineSpacing>
      <selectedIndex>-1</selectedIndex>
      <controlPoint>(90,0)</controlPoint>
      <startPoint>(0,0)</startPoint>
      <endPoint>(179,0)</endPoint>
    </control>
    <control controlID="1B8361C5-8BF4-44D3-B1A3-C62894EDA333" controlTypeID="Label" x="6" y="106" w="28" h="19" zOrder="5">
      <font family="%E5%BE%AE%E8%BD%AF%E9%9B%85%E9%BB%91" displayName="%E5%BE%AE%E8%BD%AF%E9%9B%85%E9%BB%91" postScript="" weightStyle="Regular" weight="400" isBold="False" isItalic="False"/>
      <text>%E8%B4%A6%E5%8F%B7++</text>
      <lineSpacing>0</lineSpacing>
      <selectedIndex>-1</selectedIndex>
    </control>
    <control controlID="36984636-C738-42CF-9735-82DCFF28BB28" controlTypeID="Line" x="1" y="136" w="374" h="1" zOrder="6">
      <color>4291611852</color>
      <font family="%E5%BE%AE%E8%BD%AF%E9%9B%85%E9%BB%91" displayName="%E5%BE%AE%E8%BD%AF%E9%9B%85%E9%BB%91" postScript="" weightStyle="Regular" weight="400" isBold="False" isItalic="False"/>
      <textSize>14</textSize>
      <lineSpacing>0</lineSpacing>
      <selectedIndex>-1</selectedIndex>
      <controlPoint>(187,0)</controlPoint>
      <startPoint>(0,0)</startPoint>
      <endPoint>(374,0)</endPoint>
    </control>
    <control controlID="B7710AB2-FF94-41C5-9F94-FDD72B4FDCD8" controlTypeID="Label" x="43" y="105" w="84" h="19" zOrder="7">
      <font family="%E5%BE%AE%E8%BD%AF%E9%9B%85%E9%BB%91" displayName="%E5%BE%AE%E8%BD%AF%E9%9B%85%E9%BB%91" postScript="" weightStyle="Regular" weight="400" isBold="False" isItalic="False"/>
      <text>%E8%AF%B7%E8%BE%93%E5%85%A5%E6%89%8B%E6%9C%BA%E5%8F%B7</text>
      <textColor>4288256409</textColor>
      <lineSpacing>0</lineSpacing>
      <selectedIndex>-1</selectedIndex>
    </control>
    <control controlID="FBA237B3-9D92-4C5F-AEFB-B83B2DFC94A1" controlTypeID="Label" x="5" y="148" w="27" h="19" zOrder="8">
      <font family="%E5%BE%AE%E8%BD%AF%E9%9B%85%E9%BB%91" displayName="%E5%BE%AE%E8%BD%AF%E9%9B%85%E9%BB%91" postScript="" weightStyle="Regular" weight="400" isBold="False" isItalic="False"/>
      <text>%E5%AF%86%E7%A0%81</text>
      <lineSpacing>0</lineSpacing>
      <selectedIndex>-1</selectedIndex>
    </control>
    <control controlID="82C5929F-8A5E-41AA-A54E-3AC91E72976E" controlTypeID="Line" x="0" y="178" w="374" h="1" zOrder="9">
      <color>4291611852</color>
      <font family="%E5%BE%AE%E8%BD%AF%E9%9B%85%E9%BB%91" displayName="%E5%BE%AE%E8%BD%AF%E9%9B%85%E9%BB%91" postScript="" weightStyle="Regular" weight="400" isBold="False" isItalic="False"/>
      <textSize>14</textSize>
      <lineSpacing>0</lineSpacing>
      <selectedIndex>-1</selectedIndex>
      <controlPoint>(187,0)</controlPoint>
      <startPoint>(0,0)</startPoint>
      <endPoint>(374,0)</endPoint>
    </control>
    <control controlID="23C20A17-C610-4FE6-BB29-41097A2D0860" controlTypeID="Label" x="42" y="147" w="69" h="19" zOrder="10">
      <font family="%E5%BE%AE%E8%BD%AF%E9%9B%85%E9%BB%91" displayName="%E5%BE%AE%E8%BD%AF%E9%9B%85%E9%BB%91" postScript="" weightStyle="Regular" weight="400" isBold="False" isItalic="False"/>
      <text>%E8%AF%B7%E8%BE%93%E5%85%A5%E5%AF%86%E7%A0%81</text>
      <textColor>4288256409</textColor>
      <lineSpacing>0</lineSpacing>
      <selectedIndex>-1</selectedIndex>
    </control>
    <control controlID="3B8D059B-8244-4A42-88F1-FE10EBF50EA9" controlTypeID="Button" x="10" y="235" w="345" h="37" zOrder="11">
      <color>4278242559</color>
      <font family="%E5%BE%AE%E8%BD%AF%E9%9B%85%E9%BB%91" displayName="%E5%BE%AE%E8%BD%AF%E9%9B%85%E9%BB%91" postScript="" weightStyle="Regular" weight="400" isBold="False" isItalic="False"/>
      <text>%E7%99%BB%E5%BD%95</text>
      <textColor>4294967295</textColor>
      <lineSpacing>0</lineSpacing>
      <selectedIndex>-1</selectedIndex>
    </control>
    <control controlID="086F7436-1BAB-4F33-9D51-CB3AA47DD653" controlTypeID="Label" x="15" y="282" w="55" h="19" zOrder="12">
      <links eventType="AtClick" animate="AmNone" animateAutoDelay="0" animateDuration="500">
        <link targetPageID="945DE647-CAE6-462B-AC97-F4F62C958B67" linkType="ltPageLink" isApplyIncludePage="False" title="%E6%89%BE%E5%9B%9E%E5%AF%86%E7%A0%81">
          <area shape="0" alt="" ID="{EF77AA52-2B0C-4CD4-82F2-8DEB6A67EC7A}" coords="(0,0,55,19)"/>
        </link>
      </links>
      <font family="%E5%BE%AE%E8%BD%AF%E9%9B%85%E9%BB%91" displayName="%E5%BE%AE%E8%BD%AF%E9%9B%85%E9%BB%91" postScript="" weightStyle="Regular" weight="400" isBold="False" isItalic="False"/>
      <text>%E6%89%BE%E5%9B%9E%E5%AF%86%E7%A0%81</text>
      <textColor>4288256409</textColor>
      <lineSpacing>0</lineSpacing>
      <selectedIndex>-1</selectedIndex>
    </control>
    <control controlID="A4D54C56-1D04-4D8D-88D8-A8EAC4F39E98" controlTypeID="Label" x="299" y="282" w="56" h="19" zOrder="13">
      <font family="%E5%BE%AE%E8%BD%AF%E9%9B%85%E9%BB%91" displayName="%E5%BE%AE%E8%BD%AF%E9%9B%85%E9%BB%91" postScript="" weightStyle="Regular" weight="400" isBold="False" isItalic="False"/>
      <text>%E5%85%8D%E8%B4%B9%E6%B3%A8%E5%86%8C</text>
      <textColor>4278242559</textColor>
      <lineSpacing>0</lineSpacing>
      <selectedIndex>-1</selectedIndex>
    </control>
    <control controlID="5CBA0B2F-5022-4536-8B99-8DC9802AFFE9" controlTypeID="Label" x="241" y="71" w="98" h="19" zOrder="14">
      <links eventType="AtClick" animate="AmNone" animateAutoDelay="0" animateDuration="500">
        <link targetPageID="9224B887-DBA4-463C-A0BA-A175A44510CF" linkType="ltPageLink" isApplyIncludePage="False" title="%E6%89%8B%E6%9C%BA%E5%8F%B7%E5%BF%AB%E6%8D%B7%E7%99%BB%E5%BD%95">
          <area shape="0" alt="" ID="{FCEDA1AB-C200-418E-A28A-835A671E2770}" coords="(0,0,98,19)"/>
        </link>
      </links>
      <font family="%E5%BE%AE%E8%BD%AF%E9%9B%85%E9%BB%91" displayName="%E5%BE%AE%E8%BD%AF%E9%9B%85%E9%BB%91" postScript="" weightStyle="Regular" weight="400" isBold="False" isItalic="False"/>
      <text>%E6%89%8B%E6%9C%BA%E5%8F%B7%E5%BF%AB%E6%8D%B7%E7%99%BB%E5%BD%95</text>
      <lineSpacing>0</lineSpacing>
      <selectedIndex>-1</selectedIndex>
    </control>
  </controls>
  <param>
    <backgroundColor>4294967295</backgroundColor>
    <fontSize>0</fontSize>
    <fontFamily/>
    <guideLines/>
  </param>
</mockup>