﻿<LinkSources version="1.02">
  <page ID="447441F4-5CDF-40ED-BCF8-9AB304D7CF1A">
    <linkSource sourcePageID="447441F4-5CDF-40ED-BCF8-9AB304D7CF1A" comID="9BCCFE33-A347-4096-8117-588E2313575C" comLinkType="cltPageLink"/>
    <linkSource sourcePageID="D6A5DB68-0107-4349-895B-AF2478230BEF" comID="30B632F6-5045-45A1-969C-76EBB7BA063C" comLinkType="cltPageLink"/>
  </page>
  <page ID="D6A5DB68-0107-4349-895B-AF2478230BEF">
    <linkSource sourcePageID="447441F4-5CDF-40ED-BCF8-9AB304D7CF1A" comID="1EEF690E-2A39-486C-BF32-9B1AAAA0D12A" comLinkType="cltPageLink"/>
    <linkSource sourcePageID="4BCC9C29-089D-4C40-858D-A870227FDC67" comID="22528394-E67D-4419-B24A-0735CDC9C5E7" comLinkType="cltPageLink"/>
    <linkSource sourcePageID="4BCC9C29-089D-4C40-858D-A870227FDC67" comID="30B632F6-5045-45A1-969C-76EBB7BA063C" comLinkType="cltPageLink"/>
  </page>
  <page ID="4BCC9C29-089D-4C40-858D-A870227FDC67">
    <linkSource sourcePageID="D6A5DB68-0107-4349-895B-AF2478230BEF" comID="F6515321-0514-4B7A-85B5-127F5B6F335C" comLinkType="cltPageLink"/>
  </page>
  <page ID="DB4BCCE0-D621-43E9-B144-07433482506A">
    <linkSource sourcePageID="447441F4-5CDF-40ED-BCF8-9AB304D7CF1A" comID="DBBA4B4A-2B6D-4CF3-B898-BF38F7705140" comLinkType="cltPageLink"/>
  </page>
  <page ID="E7A231C5-BA1F-4DA2-8FB7-5FC2F4749A23">
    <linkSource sourcePageID="447441F4-5CDF-40ED-BCF8-9AB304D7CF1A" comID="4948266A-022A-475B-ABC9-423CFFA8DE93" comLinkType="cltPageLink"/>
  </page>
  <page ID="3437F339-733D-46E7-8B48-E4FD6A181ACB">
    <linkSource sourcePageID="E7A231C5-BA1F-4DA2-8FB7-5FC2F4749A23" comID="93F9F7C0-F75C-4346-A016-2E116A2A1DAF" comLinkType="cltPageLink"/>
  </page>
  <page ID="A217E36C-C2B5-42BA-BF15-8FB8F8B1CAFD">
    <linkSource sourcePageID="447441F4-5CDF-40ED-BCF8-9AB304D7CF1A" comID="E01E13CC-2A13-4D98-B896-302D0FCF3FD5" comLinkType="cltPageLink"/>
  </page>
  <page ID="BC24334B-2C35-452E-BC8E-D0A10A62982A">
    <linkSource sourcePageID="447441F4-5CDF-40ED-BCF8-9AB304D7CF1A" comID="8464EDC1-A655-4647-9D65-599A6080764E" comLinkType="cltPageLink"/>
  </page>
  <page ID="21AA888F-5A1A-4596-94FA-4B7FBB7C8D43">
    <linkSource sourcePageID="BC24334B-2C35-452E-BC8E-D0A10A62982A" comID="7F8884F7-8108-443E-A3EF-149B59FBB421" comLinkType="cltPageLink"/>
  </page>
  <page ID="0FF3978B-7871-46A2-A4B6-B9227093056E">
    <linkSource sourcePageID="447441F4-5CDF-40ED-BCF8-9AB304D7CF1A" comID="3794958A-285A-48AC-BAC3-0145A51E97DD" comLinkType="cltPageLink"/>
  </page>
  <page ID="BC3881FB-335C-488D-B1F6-3DDAD4233D59">
    <linkSource sourcePageID="0FF3978B-7871-46A2-A4B6-B9227093056E" comID="EAE83E35-7C6F-4512-AE5C-B7FB53A95948" comLinkType="cltPageLink"/>
  </page>
  <page ID="0E676D1D-0263-4EC9-AA47-FACC1E9DE55A">
    <linkSource sourcePageID="0FF3978B-7871-46A2-A4B6-B9227093056E" comID="A84C9067-3639-4B16-8A9D-839DD43D2338" comLinkType="cltPageLink"/>
    <linkSource sourcePageID="EC3BB757-CA99-4A14-9609-1E07FA479729" comID="AD9072AF-EE10-47BC-91D0-A8147A63E050" comLinkType="cltPageLink"/>
  </page>
  <page ID="EC3BB757-CA99-4A14-9609-1E07FA479729">
    <linkSource sourcePageID="0E676D1D-0263-4EC9-AA47-FACC1E9DE55A" comID="35F74B6D-9C09-4AF7-914B-622999081FF8" comLinkType="cltPageLink"/>
  </page>
  <page ID="4179CDB0-14E9-48A5-8620-9096B7210871">
    <linkSource sourcePageID="4BCC9C29-089D-4C40-858D-A870227FDC67" comID="BB3C951A-841B-463E-8918-BC9D07F49CFF" comLinkType="cltPageLink"/>
  </page>
  <page ID="2DF26805-84E3-4C1D-8219-55A8910AE5AB">
    <linkSource sourcePageID="0FF3978B-7871-46A2-A4B6-B9227093056E" comID="50DEBB65-0480-4EEC-851C-8D3AEA4BFAC3" comLinkType="cltPageLink"/>
  </page>
  <page ID="C3C6F564-8121-498D-9825-FB3D86BE6B59">
    <linkSource sourcePageID="0FF3978B-7871-46A2-A4B6-B9227093056E" comID="6F210D40-816E-41AE-B878-B612049C39B9" comLinkType="cltPageLink"/>
    <linkSource sourcePageID="447441F4-5CDF-40ED-BCF8-9AB304D7CF1A" comID="36AF5FCF-EC08-4F5D-A7B0-1843160DC610" comLinkType="cltPageLink"/>
  </page>
  <page ID="44BF06ED-553E-4C52-8501-C3B195EE1BF4">
    <linkSource sourcePageID="0FF3978B-7871-46A2-A4B6-B9227093056E" comID="464A391A-CCD3-41B4-8F31-B902BC6602E7" comLinkType="cltPageLink"/>
    <linkSource sourcePageID="0E676D1D-0263-4EC9-AA47-FACC1E9DE55A" comID="35F74B6D-9C09-4AF7-914B-622999081FF8" comLinkType="cltPageLink"/>
  </page>
  <page ID="FF76A9F9-F689-409C-9B1B-AA0F4F1E5949">
    <linkSource sourcePageID="E7A231C5-BA1F-4DA2-8FB7-5FC2F4749A23" comID="8496033E-418E-4056-8829-58A2CCDB08EB" comLinkType="cltPageLink"/>
  </page>
  <page ID="488402EA-7651-4328-8169-0698F5EAA58C">
    <linkSource sourcePageID="0FF3978B-7871-46A2-A4B6-B9227093056E" comID="7C9B5717-E913-4EE4-8566-B8974258BB9F" comLinkType="cltPageLink"/>
  </page>
  <page ID="945DE647-CAE6-462B-AC97-F4F62C958B67">
    <linkSource sourcePageID="FE326425-0AFE-4023-8BBF-E46FF6FB60C9" comID="086F7436-1BAB-4F33-9D51-CB3AA47DD653" comLinkType="cltPageLink"/>
  </page>
  <page ID="9224B887-DBA4-463C-A0BA-A175A44510CF">
    <linkSource sourcePageID="FE326425-0AFE-4023-8BBF-E46FF6FB60C9" comID="5CBA0B2F-5022-4536-8B99-8DC9802AFFE9" comLinkType="cltPageLink"/>
  </page>
  <page ID="A883DA85-7F0C-432D-B93C-8BA0169F721C">
    <linkSource sourcePageID="A217E36C-C2B5-42BA-BF15-8FB8F8B1CAFD" comID="5C059011-DEC2-40D4-9B9C-5E4B4219FFE3" comLinkType="cltPageLink"/>
    <linkSource sourcePageID="447441F4-5CDF-40ED-BCF8-9AB304D7CF1A" comID="954AEAB6-7611-4FA9-B050-6F95F072172C" comLinkType="cltPageLink"/>
  </page>
</LinkSources>